verbose,filtered_extract_challenge_data_path,model_name_or_path,cache_dir,method,contrastive_coef,strat,relu_threshold,weight_subtraction_coef,num_epochs,lr,train_num,gradient_accu,num_epochs_su,lr_su,su_strength,focus,focus_dataset,focus_coeff,focus_type,focus_hard,do_sample,cd_num_token,DP,DP_coef,wikitext_perplexity,wikitext_rep_2,wikitext_rep_3,wikitext_rep_4,wikitext_div_2,wikitext_div_3,wikitext_mauve,wikitext_coherence,wikitext_similarity_gen,news_perplexity,news_rep_2,news_rep_3,news_rep_4,news_div_2,news_div_3,news_mauve,news_coherence,news_similarity_gen,el_3,el_5,el_10,similarity_ul,ma,piqa_,ai2_arc_ARC-Easy,ai2_arc_ARC-Challenge,super_glue_copa,winogrande_winogrande_s,validation_data/pubmed_qa.csv_,hellaswag_
False,./data/extract_challenge/filtered.npy,EleutherAI/gpt-neo-125m,/nlp/data/riverd/unlearn,soft_unlikelihood,0.1,relu2,0.0,0.25,50.0,0.0001,15000.0,1.0,10.0,1e-06,10.0,True,False,10.0,none,True,True,1000.0,False,0.0,61.752014248670605,0.061750384509906366,0.01595099447995534,0.006513470429993566,0.927664599526883,0.9621724277245151,0.5608665463213973,0.5333187242074773,0.3368551487680361,44.17950608954928,0.044225778651972296,0.009756048759474086,0.0036045595570268585,0.944925692472474,0.9690076586271962,0.5512485084016836,0.5313905510769422,0.4241910228652757,0.028605571014501206,0.011312810343437896,0.00297911523908152,0.3481741264137098,0.6352265406914323,0.6280797101449276,0.37419262917933127,0.37419262917933127,0.63,0.5223980978260869,0.5750269396551724,0.280448630510694
False,./data/extract_challenge/filtered.npy,EleutherAI/gpt-neo-125m,/nlp/data/riverd/unlearn,soft_unlikelihood,0.1,relu2,0.0,0.25,50.0,0.0001,15000.0,1.0,30.0,1e-07,30.0,True,False,10.0,none,True,True,1000.0,False,0.0,42.0709492837542,0.09016598725424417,0.03642617623263886,0.021015099977730732,0.8991317068114095,0.9413494291402583,0.5767287812387811,0.5624158756347044,0.3475951241876187,27.8077823955152,0.06080135547047427,0.021343022348833056,0.011469581691126843,0.9297385848442076,0.9596302355887704,0.6244616009002453,0.5482978364860869,0.4390154280001761,0.040803629848539615,0.020302458343349,0.00779876662447714,0.36583053961942974,0.6597058191969078,0.6306838768115942,0.3730765577507599,0.3730765577507599,0.64,0.5201426630434782,0.5750269396551724,0.2820309089917067
False,./data/extract_challenge/filtered.npy,EleutherAI/gpt-neo-125m,/nlp/data/riverd/unlearn,raw_gpt,0.1,relu2,0.0,0.25,50.0,0.0001,15000.0,1.0,2.0,0.0006,5.0,False,True,10.0,entity,False,True,1000.0,False,0.0,27.078726120909476,0.11862369629767203,0.05307974209333387,0.033382963654294565,0.8714690060083737,0.9260979336985737,0.5819144894569601,0.5646042961398212,0.3526571069334586,17.10310706844673,0.08359841289163901,0.03406698145030352,0.021252850654827963,0.9087668426227248,0.9502094101874093,0.6868085670569046,0.559318998420381,0.44899151527221487,0.20134673670261244,0.16140048926831493,0.11566401745631118,0.5418429236231604,0.7885,0.633695652173913,0.38129274316109424,0.38129274316109424,0.62,0.5154551630434783,0.5750269396551724,0.28195247708424265
False,./data/extract_challenge/filtered.npy,EleutherAI/gpt-neo-125m,/nlp/data/riverd/unlearn,soft_unlikelihood,0.1,relu2,0.0,0.25,50.0,0.0001,15000.0,1.0,100.0,1e-06,10.0,False,True,10.0,entity,False,True,1000.0,False,0.0,62.95490561609809,0.04812897728955899,0.008837276769112596,0.002129488299293089,0.9410689348062438,0.9689819283470174,0.6894762747500407,0.5474379478464162,0.345680932286213,78.63662241073116,0.03451262679234076,0.0056255716973901805,0.0014417871258897079,0.9519816095921315,0.9688552198672725,0.36091511297665674,0.515583418280005,0.40715751808811074,0.00966380913931645,0.0012885036176629814,0.00010567016468909897,0.3156332811534133,0.30673333333333336,0.6259963768115943,0.3697283434650456,0.3697283434650456,0.64,0.5152785326086956,0.5750269396551724,0.28141709406372767
False,./data/extract_challenge/filtered.npy,EleutherAI/gpt-neo-125m,/nlp/data/riverd/unlearn,soft_unlikelihood,0.1,relu2,0.0,0.25,50.0,0.0001,15000.0,1.0,10.0,1e-06,30.0,True,False,10.0,entity,True,True,1000.0,False,0.0,50.66034703862428,0.06813459494127763,0.019807952289161723,0.009400924734488824,0.921550222866805,0.9588234608060148,0.5544818555877309,0.533621104777682,0.3361308133794016,31.76737052191594,0.04777089999175073,0.010948742337825073,0.004594209280107682,0.942637728100103,0.9698250701742022,0.6017282870726325,0.5285538753190363,0.42305489934737833,0.057634076194123855,0.03642726689071112,0.01884054690119855,0.3808232073332319,0.669529740176079,0.633695652173913,0.37044072948328266,0.37044072948328266,0.63,0.5185801630434782,0.5750269396551724,0.28361318747271935
False,./data/extract_challenge/filtered.npy,EleutherAI/gpt-neo-125m,/nlp/data/riverd/unlearn,soft_unlikelihood,0.1,relu2,0.0,0.25,50.0,0.0001,15000.0,1.0,100.0,1e-06,3.0,True,False,10.0,entity,True,True,1000.0,False,0.0,36.990107432422015,0.07798371746735529,0.02493041875928748,0.012423051447272047,0.9122875448280313,0.954743430788061,0.6036569334508655,0.562848558988296,0.35445326044828335,20.76815914505392,0.05929454678238261,0.01702214468856971,0.0078046785106490576,0.9330495149630786,0.9673064070788141,0.7079352024092647,0.5483648900491783,0.44202509625982755,0.11817758379212141,0.0922105463108903,0.06542810331169772,0.45308164539207985,0.686922911745759,0.6261096014492754,0.38129274316109424,0.38129274316109424,0.62,0.5168410326086956,0.5750269396551724,0.282822048232213
False,./data/extract_challenge/filtered.npy,EleutherAI/gpt-neo-125m,/nlp/data/riverd/unlearn,soft_unlikelihood,0.1,relu2,0.0,0.25,50.0,0.0001,15000.0,1.0,3.0,1e-06,3.0,False,True,10.0,entity,False,True,1000.0,False,0.0,49.765710949693045,0.06782436681767849,0.01798822418747688,0.006888873075013339,0.9204514195094138,0.9577285694745699,0.7012370925010702,0.5619058836359002,0.35289505370828317,30.80964380411965,0.047792478736882554,0.011298627650580043,0.004358411958031266,0.9429421727634275,0.9711135724897005,0.6438908116273716,0.5400677563184761,0.43690617783880975,0.1227556187964647,0.08864595331563527,0.05442385115153018,0.46239994212754537,0.7665,0.6275588768115943,0.37236417173252284,0.37236417173252284,0.63,0.5209239130434782,0.5750269396551724,0.2835142950676561
False,./data/extract_challenge/filtered.npy,EleutherAI/gpt-neo-125m,/nlp/data/riverd/unlearn,soft_unlikelihood,0.1,relu2,0.0,0.25,50.0,0.0001,15000.0,1.0,100.0,1e-06,30.0,False,True,10.0,entity,False,True,1000.0,False,0.0,59.99780844955617,0.050664757128419724,0.009641769761989813,0.0026255802716928594,0.9392755466453337,0.9695923907171098,0.6784475089400875,0.5443514222033798,0.34397481551564474,82.6545147096339,0.03286182836150903,0.005196445393061198,0.0011329204739678033,0.953599780229967,0.9697189818475576,0.3572361669077462,0.5139431288517804,0.40336942829820605,0.006196566913360004,0.0005426078261353086,7.374081306736899e-06,0.3057926255295092,0.20973333333333333,0.6259963768115943,0.3619158434650456,0.3619158434650456,0.64,0.513804347826087,0.5750269396551724,0.2811204168485378
False,./data/extract_challenge/filtered.npy,EleutherAI/gpt-neo-125m,/nlp/data/riverd/unlearn,soft_unlikelihood,0.1,relu2,0.0,0.25,50.0,0.0001,15000.0,1.0,100.0,1e-06,3.0,True,False,10.0,none,True,True,1000.0,False,0.0,37.71516171535938,0.07645545681845999,0.024219506574331244,0.011171093407634065,0.9129814854436769,0.9538581714303394,0.6139444881886771,0.5599124003832732,0.3549839832470606,23.7083871094318,0.0558941332087704,0.016901911570925823,0.008315437876060625,0.9357539905717677,0.9665612573566557,0.697036615914614,0.5500403780386267,0.44061025736257026,0.08312558004321807,0.05858237964796775,0.036527374178952306,0.41990109654231444,0.6467683057762508,0.6301630434782609,0.3764247720364741,0.3764247720364741,0.63,0.5184918478260869,0.5750269396551724,0.28215026189436926
False,./data/extract_challenge/filtered.npy,EleutherAI/gpt-neo-125m,/nlp/data/riverd/unlearn,soft_unlikelihood,0.1,relu2,0.0,0.25,50.0,0.0001,15000.0,1.0,10.0,1e-06,30.0,True,False,10.0,none,True,True,1000.0,False,0.0,65.27254009180392,0.05855985511012906,0.013929153957023892,0.005188945128836166,0.930597498819444,0.9636744948017963,0.5609205484441373,0.5340740055481493,0.3354471913016538,49.72146608271471,0.04299684212112285,0.009259170815416983,0.003335764697691599,0.9456522707284686,0.9684958789509033,0.5090777936255314,0.5300091139348855,0.4211276055389479,0.026861466425958103,0.009976012117046636,0.002545879396839749,0.34163492384456384,0.6228258535537899,0.6275588768115943,0.3719604863221884,0.3719604863221884,0.63,0.523960597826087,0.5750269396551724,0.28064641532082063
False,./data/extract_challenge/filtered.npy,EleutherAI/gpt-neo-125m,/nlp/data/riverd/unlearn,soft_unlikelihood,0.1,relu2,0.0,0.25,50.0,0.0001,15000.0,1.0,10.0,1e-07,3.0,True,False,10.0,entity,True,True,1000.0,False,0.0,31.77201205081493,0.1055500715554122,0.04480313579245161,0.02624958280737017,0.8844292155928679,0.9342076384137067,0.6039262424590541,0.5699681529735532,0.35186628445193,18.60255601676174,0.07759972524840057,0.031654112498666044,0.019398208169990466,0.9147777743936283,0.9526890452162237,0.6984324930717449,0.5531708006839828,0.4458293169342627,0.1388881922779973,0.11048706226422848,0.08026633715127748,0.4803121658812009,0.7039939875456303,0.6326539855072464,0.37794452887537994,0.37794452887537994,0.62,0.5162364130434782,0.5750269396551724,0.28215026189436926
False,./data/extract_challenge/filtered.npy,EleutherAI/gpt-neo-125m,/nlp/data/riverd/unlearn,soft_unlikelihood,0.1,relu2,0.0,0.25,50.0,0.0001,15000.0,1.0,3.0,1e-06,10.0,False,True,10.0,entity,False,True,1000.0,False,0.0,80.12993892345082,0.04645771991461818,0.007677346621355151,0.0019756382988190785,0.9411985858530807,0.9682622681317784,0.4803599411912688,0.5269809086319793,0.3340656443556287,54.63639980391866,0.035632339840807346,0.00577672030552218,0.0015854262221073616,0.9531302012912112,0.9722765436557551,0.4540381809209729,0.515030636730422,0.4084720983071646,0.02757194339592833,0.008164321831396542,0.0012301709147187626,0.3352891924779241,0.6818333333333333,0.627151268115942,0.3686122720364741,0.3686122720364741,0.64,0.5185801630434782,0.5750269396551724,0.2820888804015714
False,./data/extract_challenge/filtered.npy,EleutherAI/gpt-neo-125m,/nlp/data/riverd/unlearn,soft_unlikelihood,0.1,relu2,0.0,0.25,50.0,0.0001,15000.0,1.0,100.0,1e-07,3.0,False,True,10.0,entity,False,True,1000.0,False,0.0,47.280904569811554,0.06401117744392185,0.01658610482826094,0.006242363217344952,0.926256704969524,0.9632416395740113,0.7133863703307808,0.5623447317700164,0.35576583625143454,31.715255423460558,0.04342326998698066,0.009277866326583038,0.003107318585398626,0.9475888678682552,0.972989155131261,0.6380905160858668,0.5425922044244895,0.43713038835156914,0.11054504690519767,0.07802755539689757,0.0465684183503167,0.4494733510191203,0.75325,0.6275588768115943,0.37682845744680854,0.37682845744680854,0.62,0.5185801630434782,0.5750269396551724,0.28301983304233963
False,./data/extract_challenge/filtered.npy,EleutherAI/gpt-neo-125m,/nlp/data/riverd/unlearn,soft_unlikelihood,0.1,relu2,0.0,0.25,50.0,0.0001,15000.0,1.0,10.0,1e-07,3.0,True,False,10.0,none,True,True,1000.0,False,0.0,34.19526053342821,0.10179540831232335,0.04366208553726594,0.026205514408980307,0.8871934938766406,0.9346392560048498,0.5476757657383702,0.5703355509184834,0.3610159067946534,20.17749081149706,0.07307655355563615,0.02943927865836448,0.017772730168687443,0.9190488731706914,0.9541737166034944,0.7126487907152457,0.5591114545723357,0.4498735252532188,0.12629129944259054,0.09765292271211586,0.06777552565944178,0.4689398539916374,0.7002362035645265,0.632133152173913,0.3745963145896657,0.3745963145896657,0.63,0.5203192934782608,0.5750269396551724,0.28215026189436926
False,./data/extract_challenge/filtered.npy,EleutherAI/gpt-neo-125m,/nlp/data/riverd/unlearn,soft_unlikelihood,0.1,relu2,0.0,0.25,50.0,0.0001,15000.0,1.0,3.0,1e-06,30.0,False,True,10.0,entity,False,True,1000.0,False,0.0,94.97098544389704,0.04580629277946762,0.008262415893283932,0.0021084184686318915,0.9407244103727244,0.9666241921090983,0.44274230047744223,0.5195907535337594,0.33409358795447136,64.55750242783893,0.033154090386307206,0.0052864397910301515,0.0014004571144468575,0.9541208727590084,0.9702989661974682,0.41624681135783337,0.5095882643741441,0.40280907757443923,0.02249220331313012,0.005833723455301385,0.0008809286221120961,0.3234098609803128,0.6483666666666666,0.6276721014492754,0.3652640577507599,0.3652640577507599,0.63,0.5177989130434782,0.5750269396551724,0.28218777280663465
False,./data/extract_challenge/filtered.npy,EleutherAI/gpt-neo-125m,/nlp/data/riverd/unlearn,soft_unlikelihood,0.1,relu2,0.0,0.25,50.0,0.0001,15000.0,1.0,100.0,1e-07,10.0,False,True,10.0,entity,False,True,1000.0,False,0.0,82.42018389836187,0.043985496671818884,0.007641198603904731,0.0017596912336518065,0.9436478989974191,0.9682724352865852,0.6329241986419374,0.5472346249607905,0.34065067933094095,65.49356411190512,0.03239418838453831,0.004832259102661034,0.0010665119522533855,0.9556602649857306,0.9715863183513881,0.437165277668206,0.5267529734577315,0.4174764836958398,0.018626954701631383,0.004330194632856981,0.00041984837026491574,0.326468075136169,0.5865,0.6259963768115943,0.3730765577507599,0.3730765577507599,0.62,0.5201426630434782,0.5750269396551724,0.28210934089917067
False,./data/extract_challenge/filtered.npy,EleutherAI/gpt-neo-125m,/nlp/data/riverd/unlearn,soft_unlikelihood,0.1,relu2,0.0,0.25,50.0,0.0001,15000.0,1.0,10.0,1e-07,10.0,True,False,10.0,entity,True,True,1000.0,False,0.0,28.496144966023643,0.11464514779649251,0.051449621411960966,0.03337571084803707,0.8759620573395009,0.9287865128144234,0.5876219765508938,0.5660231529245412,0.35554830615561794,18.376818660829397,0.07762835082646753,0.029957471470264774,0.017801574867904867,0.914961870618636,0.9545429154504229,0.6998708585894198,0.5557691110557769,0.44660460306920546,0.13451172929834418,0.10562406657080586,0.07468913516036337,0.4755897509579686,0.7027592870946962,0.6295289855072463,0.37794452887537994,0.37794452887537994,0.61,0.5170176630434782,0.5750269396551724,0.282051369489306
False,./data/extract_challenge/filtered.npy,EleutherAI/gpt-neo-125m,/nlp/data/riverd/unlearn,soft_unlikelihood,0.1,relu2,0.0,0.25,50.0,0.0001,15000.0,1.0,100.0,1e-06,30.0,True,False,10.0,entity,True,True,1000.0,False,0.0,50.74320626933833,0.06006521919289143,0.013650612988617621,0.004541563910952377,0.9296700365888491,0.9650970994251757,0.5561421930763317,0.5421523186313911,0.33977622961931614,31.673575615731412,0.04716540532390797,0.010690452129127247,0.003972551960437694,0.943912196482842,0.9714173368858728,0.6215455816128875,0.534041020974695,0.42591174606644766,0.049104295148676556,0.0296420137237294,0.014244845980590294,0.3684458747490243,0.6221279793858707,0.6305706521739131,0.3697283434650456,0.3697283434650456,0.62,0.5175339673913044,0.5750269396551724,0.28262426342208646
False,./data/extract_challenge/filtered.npy,EleutherAI/gpt-neo-125m,/nlp/data/riverd/unlearn,soft_unlikelihood,0.1,relu2,0.0,0.25,50.0,0.0001,15000.0,1.0,10.0,1e-07,10.0,True,False,10.0,none,True,True,1000.0,False,0.0,36.218307829814165,0.10019511682220335,0.0435336961815212,0.026332965579458502,0.8886622048057119,0.9332856720129016,0.5555764069519457,0.570725578585712,0.35748515099548783,20.293064871189316,0.0749175321678264,0.030968588494980093,0.019170397141617185,0.917204084613087,0.9526357659183283,0.7227462838993773,0.5565687080778449,0.4494238369117224,0.11519591125077254,0.08646905094217558,0.05806588129863135,0.4584095904899126,0.6978204852909599,0.632133152173913,0.3757123860182371,0.3757123860182371,0.63,0.5186684782608696,0.5750269396551724,0.28304029353993887
False,./data/extract_challenge/filtered.npy,EleutherAI/gpt-neo-125m,/nlp/data/riverd/unlearn,soft_unlikelihood,0.1,relu2,0.0,0.25,50.0,0.0001,15000.0,1.0,3.0,1e-07,3.0,False,True,10.0,entity,False,True,1000.0,False,0.0,33.8063049281344,0.09902248707589117,0.041700954832428395,0.024410464090753915,0.8908531023825801,0.9372152742729702,0.6286300095283167,0.5766399388331243,0.3639251756525062,22.860356609670912,0.07048807887393338,0.027855611408386275,0.017163493530867623,0.9211530315343548,0.9550550814041073,0.7062161772802937,0.552489626455117,0.44866669411419435,0.16790142128854835,0.12957634246082772,0.08774757432140083,0.5059274778242301,0.7806166666666666,0.632133152173913,0.37348024316109424,0.37348024316109424,0.63,0.5202309782608696,0.5750269396551724,0.2835347555652553
False,./data/extract_challenge/filtered.npy,EleutherAI/gpt-neo-125m,/nlp/data/riverd/unlearn,soft_unlikelihood,0.1,relu2,0.0,0.25,50.0,0.0001,15000.0,1.0,100.0,1e-07,30.0,False,True,10.0,entity,False,True,1000.0,False,0.0,79.30696000777117,0.04573851754428861,0.007778254705608649,0.001996190044960498,0.9415520516825988,0.9661991470982398,0.5084030379523936,0.5311497553079909,0.34021817128684656,66.95754520830204,0.033009941587332156,0.0051578462441581,0.0012223374174261676,0.9541339753919936,0.9704001640851713,0.4379601032843803,0.523345947265625,0.4150573475184559,0.013471462817705507,0.002445979078014684,0.0001393171938226265,0.3163889268553117,0.5139,0.6259963768115943,0.3674962006079027,0.3674962006079027,0.62,0.5185801630434782,0.5750269396551724,0.28270269532955045
False,./data/extract_challenge/filtered.npy,EleutherAI/gpt-neo-125m,/nlp/data/riverd/unlearn,soft_unlikelihood,0.1,relu2,0.0,0.25,50.0,0.0001,15000.0,1.0,10.0,1e-07,30.0,True,False,10.0,entity,True,True,1000.0,False,0.0,28.38052370858082,0.11943586393814466,0.054381652749719255,0.034873788865949,0.8713324276112961,0.9261490170343945,0.6310539308192301,0.5675203521996549,0.35827099787330763,18.273722175159694,0.07859426947945072,0.03106222238965124,0.018900364081118403,0.9140261598625352,0.9535008500604124,0.7045870343672871,0.5560130085128238,0.44589114383204403,0.13336478630018297,0.10444909501337327,0.07362608846069654,0.4746999184638306,0.7027592870946962,0.629008152173913,0.37794452887537994,0.37794452887537994,0.62,0.5170176630434782,0.5750269396551724,0.28215026189436926
False,./data/extract_challenge/filtered.npy,EleutherAI/gpt-neo-125m,/nlp/data/riverd/unlearn,soft_unlikelihood,0.1,relu2,0.0,0.25,50.0,0.0001,15000.0,1.0,3.0,1e-06,3.0,True,False,10.0,entity,True,True,1000.0,False,0.0,33.721518364202744,0.09818288784668365,0.04012151822299139,0.023169192206074125,0.8927161634830509,0.9407968571618266,0.5733421129249039,0.5586479311456046,0.35080857259435216,20.637349721247908,0.06596691167839143,0.023813647841210223,0.013845994564968614,0.9263781954188677,0.9602809674443151,0.6713535696894454,0.5458716282331612,0.44327373380273716,0.1284179370954666,0.1005036531436193,0.07084609255132239,0.46546394015337,0.7001288383079236,0.6284873188405797,0.3790606003039514,0.3790606003039514,0.62,0.517710597826087,0.5750269396551724,0.28224915429943254
False,./data/extract_challenge/filtered.npy,EleutherAI/gpt-neo-1.3B,/nlp/data/riverd/unlearn,raw_gpt,0.1,relu2,0.0,0.25,50.0,0.0001,15000.0,1.0,2.0,0.0006,5.0,False,False,10.0,entity,False,True,1000.0,False,0.0,17.653504364312933,0.09131769069593995,0.03579060861704905,0.020757079757884635,0.8991551898323824,0.9455661764313587,0.6097264816205517,0.593968983725592,0.41101318770503087,10.38082620697185,0.06489516763132033,0.02378330819033464,0.013825901059357422,0.9280332623775985,0.9614884629914747,0.7519853697286172,0.5786541334661355,0.5186095400757446,0.34435443732759996,0.3088321565708937,0.26001225539467115,0.6622316682181631,0.9531833333333334,0.7028940886699508,0.46095679012345675,0.46095679012345675,0.65625,0.545641447368421,0.53359375,0.37000857422831945
False,./data/extract_challenge/filtered.npy,EleutherAI/gpt-neo-125m,/nlp/data/riverd/unlearn,soft_unlikelihood,0.1,relu2,0.0,0.25,50.0,0.0001,15000.0,1.0,3.0,1e-07,10.0,False,True,10.0,entity,False,True,1000.0,False,0.0,38.030666869605085,0.10334657585877585,0.04811260150538222,0.03140888465144871,0.8835770741328892,0.9248545270278549,0.5079873069285128,0.5736815334114257,0.3567479103009031,22.95322280965896,0.0701724226284143,0.02790268734107341,0.01696597391442016,0.9214383219788459,0.9551867366472567,0.6802737815417508,0.562305222469497,0.45157521530701517,0.13727229276218708,0.09927544332676574,0.06156638330093551,0.47431879007290506,0.7753,0.6296422101449276,0.37236417173252284,0.37236417173252284,0.62,0.5187567934782609,0.5750269396551724,0.2844247872108249
False,./data/extract_challenge/filtered.npy,EleutherAI/gpt-neo-125m,/nlp/data/riverd/unlearn,soft_unlikelihood,0.1,relu2,0.0,0.25,50.0,0.0001,15000.0,1.0,100.0,1e-06,30.0,True,False,10.0,none,True,True,1000.0,False,0.0,56.02674027253373,0.05549958770781086,0.012732817062874399,0.004231678150663716,0.9344315604252217,0.9664535375349432,0.5895835268829157,0.5527459387498039,0.34252987508258903,47.969462787932336,0.04108719379452933,0.009065629982619927,0.00314105365431017,0.9482571926769244,0.9693451826764272,0.5000806450768194,0.5336707977659674,0.42087660022812756,0.01710682866253582,0.004265442913908008,0.00048398772195342257,0.3296460238473372,0.46854197981533174,0.6301630434782609,0.3648603723404255,0.3648603723404255,0.64,0.5199660326086957,0.5750269396551724,0.2799337079877783
False,./data/extract_challenge/filtered.npy,EleutherAI/gpt-neo-125m,/nlp/data/riverd/unlearn,soft_unlikelihood,0.1,relu2,0.0,0.25,50.0,0.0001,15000.0,1.0,10.0,1e-07,30.0,True,False,10.0,none,True,True,1000.0,False,0.0,35.947915878102755,0.10261801865505708,0.04505624827568967,0.027207819060085483,0.8857307302248971,0.9319464265410109,0.6007287557010579,0.5686583477101631,0.3552853439886642,20.180317164453896,0.07528211742868847,0.03158482651068489,0.019755520236927584,0.9168439793377242,0.9520301940599468,0.7001153097122261,0.5582497889302166,0.45003083619438444,0.11407477078840153,0.08520618806780385,0.056998789538655725,0.4575100557841916,0.6978741679192614,0.6316123188405797,0.3745963145896657,0.3745963145896657,0.63,0.5186684782608696,0.5750269396551724,0.2829414011348756
False,./data/extract_challenge/filtered.npy,EleutherAI/gpt-neo-1.3B,/nlp/data/riverd/unlearn,soft_unlikelihood,0.1,relu2,0.0,0.25,50.0,0.0001,15000.0,4.0,3.0,1e-06,10.0,False,False,10.0,entity,False,True,1000.0,False,0.0,106.78300538603028,0.04779483350118321,0.006004442485462145,0.0009678744867848138,0.9389406924523237,0.9680431198386028,0.2636365054207657,0.498236489864335,0.31202922874087075,89.15066035297723,0.03728461401793114,0.004625468739365735,0.0007065455584522465,0.94856594052684,0.9682723712640829,0.15898312489407435,0.4939170928590326,0.386502812817587,0.012373838278034116,0.0015993577301850965,6.26530165611458e-05,0.3372049443001626,0.5183333333333333,0.6519396551724138,0.3993055555555556,0.3993055555555556,0.703125,0.5256167763157895,0.532421875,0.30992773150416464
False,./data/extract_challenge/filtered.npy,EleutherAI/gpt-neo-125m,/nlp/data/riverd/unlearn,soft_unlikelihood,0.1,relu2,0.0,0.25,50.0,0.0001,15000.0,1.0,3.0,1e-06,3.0,True,False,10.0,none,True,True,1000.0,False,0.0,35.84346818719268,0.09256126458896681,0.0360722431474033,0.020499053090115082,0.8980501241840803,0.9442829687126107,0.5984924195521506,0.5575167896457418,0.3518588768699238,24.283272142578948,0.062048716567289386,0.021412010880451617,0.011556630429681865,0.929240923503484,0.9608158604982108,0.6716794419374179,0.5496501542657495,0.44392256000991986,0.10639469427133248,0.07932744677329275,0.05251425439064408,0.4458297780002338,0.6939016534249517,0.6300498188405796,0.3745963145896657,0.3745963145896657,0.62,0.520835597826087,0.5750269396551724,0.282051369489306
False,./data/extract_challenge/filtered.npy,EleutherAI/gpt-neo-125m,/nlp/data/riverd/unlearn,soft_unlikelihood,0.1,relu2,0.0,0.25,50.0,0.0001,15000.0,1.0,3.0,1e-06,10.0,True,False,10.0,entity,True,True,1000.0,False,0.0,31.546129174568495,0.09923500388081229,0.041197274486059414,0.024723709482615944,0.8917850651858836,0.9399698548605196,0.5618568609126645,0.5568161489374216,0.3519939778318893,22.073555124733158,0.06435585868411275,0.0225403309116226,0.012625005711320194,0.9276504786595164,0.9608656194985172,0.6733531418237235,0.5465721951062936,0.44244082193541995,0.09168045596069656,0.06422251024685988,0.03773488470372348,0.4264298016009446,0.688694438479708,0.6305706521739131,0.3719604863221884,0.3719604863221884,0.62,0.521616847826087,0.5750269396551724,0.2828425087298123
False,./data/extract_challenge/filtered.npy,EleutherAI/gpt-neo-125m,/nlp/data/riverd/unlearn,soft_unlikelihood,0.1,relu2,0.0,0.25,50.0,0.0001,15000.0,1.0,3.0,1e-07,30.0,False,True,10.0,entity,False,True,1000.0,False,0.0,36.690546475418245,0.10421105674218509,0.048334832927604245,0.03071243234473923,0.8850993283934232,0.9294087767921893,0.5529444677352755,0.5694243886988316,0.3563906947966464,22.287224746146258,0.07139130048621643,0.02924054655766691,0.01811567551264304,0.9199957270320177,0.9538957600550909,0.7030146157359647,0.5547902384602216,0.44934673242276046,0.13660888561197743,0.09885065409374885,0.061125409124577645,0.4739938647133958,0.7751166666666667,0.6291213768115943,0.37348024316109424,0.37348024316109424,0.62,0.5187567934782609,0.5750269396551724,0.28452367961588826
False,./data/extract_challenge/filtered.npy,EleutherAI/gpt-neo-125m,/nlp/data/riverd/unlearn,soft_unlikelihood,0.1,relu2,0.0,0.25,50.0,0.0001,15000.0,1.0,30.0,1e-06,3.0,True,False,10.0,entity,True,True,1000.0,False,0.0,37.75577306425866,0.07907848268194098,0.025507580439543594,0.012619775501656985,0.9111068143037282,0.954041832206917,0.5935904576895003,0.5510387540312304,0.3463759961885072,22.51680013345898,0.05625034187700194,0.015654216257057096,0.007175278821386865,0.9359471329282789,0.9681585205975448,0.6880730581032994,0.5442369316678598,0.4375405384142293,0.11857177510733534,0.09247031909140332,0.06537482614363438,0.45564002805644793,0.6944384797079665,0.6280797101449276,0.38129274316109424,0.38129274316109424,0.62,0.519273097826087,0.5750269396551724,0.282743616324749
False,./data/extract_challenge/filtered.npy,EleutherAI/gpt-neo-125m,/nlp/data/riverd/unlearn,soft_unlikelihood,0.1,relu2,0.0,0.25,50.0,0.0001,15000.0,1.0,100.0,1e-07,3.0,True,False,10.0,none,True,True,1000.0,False,0.0,43.330363949795064,0.07354988060397785,0.02262631538489101,0.009631864735349749,0.9147726640880163,0.954441014170429,0.619839794006924,0.5588909613442989,0.35328204101570876,25.39306633618267,0.0531971915667243,0.015031819794003368,0.006942521798173019,0.9384771729318847,0.9677622026255595,0.6612259694671173,0.5466990071938808,0.4425252725206041,0.09427936003703583,0.06832377498981339,0.04412328652813188,0.43066944193725615,0.686922911745759,0.6317255434782609,0.3824088145896657,0.3824088145896657,0.62,0.523179347826087,0.5750269396551724,0.28185358467917937
False,./data/extract_challenge/filtered.npy,EleutherAI/gpt-neo-1.3B,/nlp/data/riverd/unlearn,soft_unlikelihood,0.1,relu2,0.0,0.25,50.0,0.0001,15000.0,4.0,10.0,1e-07,3.0,False,False,10.0,entity,False,True,1000.0,False,0.0,67.43315416076346,0.0867493379845679,0.020709267688353895,0.006667022852733232,0.901660813566343,0.9551210285248569,0.17650558167974084,0.5294748878239688,0.33558601755625483,33.399860742164456,0.06536476659605592,0.014672282694456461,0.004870211611858487,0.9251390325070741,0.9661128997490473,0.2508975368849118,0.5271585168116596,0.43092924939986577,0.10591008695557085,0.07205763849019244,0.041352253395246744,0.4669165396229209,0.7466833333333334,0.6694889162561577,0.43070987654320986,0.43070987654320986,0.703125,0.5266447368421052,0.55703125,0.3259508206761392
False,./data/extract_challenge/filtered.npy,EleutherAI/gpt-neo-125m,/nlp/data/riverd/unlearn,soft_unlikelihood,0.1,relu2,0.0,0.25,50.0,0.0001,15000.0,1.0,3.0,1e-06,10.0,True,False,10.0,none,True,True,1000.0,False,0.0,39.73049152273634,0.08822848724822521,0.03435633886219245,0.019620668265945003,0.9013877327435508,0.9440509941985893,0.6236853391096455,0.5620206787415699,0.3460675930952562,27.913577928864513,0.06110006827494616,0.021649395394639004,0.011850707154818908,0.9294477038823348,0.9595867421622037,0.6401717159343874,0.5483620936177166,0.43765098853774215,0.042104879030016605,0.021323125429979384,0.008416095510030813,0.3699014081801615,0.6638930642044234,0.632133152173913,0.3712481003039514,0.3712481003039514,0.64,0.5217051630434782,0.5750269396551724,0.282051369489306
False,./data/extract_challenge/filtered.npy,EleutherAI/gpt-neo-125m,/nlp/data/riverd/unlearn,soft_unlikelihood,0.1,relu2,0.0,0.25,50.0,0.0001,15000.0,1.0,100.0,1e-07,10.0,True,False,10.0,entity,True,True,1000.0,False,0.0,41.14226888989086,0.07420410334289781,0.02354007694177843,0.011246793724767208,0.9151408775109097,0.9555822089782614,0.5800474921366283,0.5426080529034661,0.34256299953776853,26.208916147419618,0.053646697885345915,0.014713799024001996,0.006951102821726983,0.9379161858388184,0.9683422892029588,0.6367549536623207,0.5349258483643551,0.43177386483945607,0.07162951903878552,0.04774081834111709,0.02676719293463397,0.4022343029279935,0.6801589005797724,0.632133152173913,0.3686122720364741,0.3686122720364741,0.63,0.5217051630434782,0.5750269396551724,0.2835347555652553
False,./data/extract_challenge/filtered.npy,EleutherAI/gpt-neo-125m,/nlp/data/riverd/unlearn,soft_unlikelihood,0.1,relu2,0.0,0.25,50.0,0.0001,15000.0,1.0,10.0,1e-06,3.0,False,True,10.0,entity,False,True,1000.0,False,0.0,47.15668427984477,0.06183383352191529,0.01568637216993682,0.00592035865612929,0.926352538526529,0.961254663535345,0.6461159377857826,0.5511592544306776,0.3427818760853097,31.248591099143308,0.04547978199198868,0.010264725330987911,0.003614966791664522,0.9458535141197958,0.9719038142476567,0.6529888214443039,0.5399281171213584,0.43707594074814654,0.11064404663970007,0.0782757070741851,0.04662400646180268,0.4474669481208315,0.7517,0.627038043478261,0.3790606003039514,0.3790606003039514,0.62,0.5177989130434782,0.5750269396551724,0.2831187254474029
False,./data/extract_challenge/filtered.npy,EleutherAI/gpt-neo-125m,/nlp/data/riverd/unlearn,soft_unlikelihood,0.1,relu2,0.0,0.25,50.0,0.0001,15000.0,1.0,30.0,1e-06,3.0,True,False,10.0,none,True,True,1000.0,False,0.0,38.60339563216722,0.07445440474662188,0.024993445172138966,0.012684947296631192,0.9161155557254215,0.9553599202262584,0.5760473835075652,0.5558563194131313,0.35572331388208694,25.167435613898476,0.053898146219296665,0.015705999370967286,0.007241754293630797,0.9380231885812441,0.9678271464512174,0.6764232375383055,0.5483427617654383,0.4427968279992655,0.08808025214365442,0.06331097800375064,0.040261562750650265,0.42525846962573033,0.6722675542194546,0.6312047101449276,0.38129274316109424,0.38129274316109424,0.62,0.516148097826087,0.5750269396551724,0.28195247708424265
False,./data/extract_challenge/filtered.npy,EleutherAI/gpt-neo-125m,/nlp/data/riverd/unlearn,soft_unlikelihood,0.1,relu2,0.0,0.25,50.0,0.0001,15000.0,1.0,3.0,1e-06,30.0,True,False,10.0,entity,True,True,1000.0,False,0.0,32.5449162437615,0.10068633210113158,0.04404334093983953,0.027308500097604816,0.8902634899566713,0.9370217834972114,0.5725448313855885,0.5570349412102024,0.35092030225352033,21.955698216626722,0.06438143083475492,0.022435156719852103,0.012527391902271923,0.9276628100806829,0.9610450914170905,0.6548334138239367,0.5468850306780689,0.4409689421772927,0.08711553734316829,0.059905434978309025,0.03421657610463636,0.42154771370865446,0.685688211294825,0.6310914855072464,0.370844414893617,0.370844414893617,0.62,0.5223980978260869,0.5750269396551724,0.2829414011348756
False,./data/extract_challenge/filtered.npy,EleutherAI/gpt-neo-125m,/nlp/data/riverd/unlearn,soft_unlikelihood,0.1,relu2,0.0,0.25,50.0,0.0001,15000.0,1.0,3.0,1e-06,30.0,True,False,10.0,none,True,True,1000.0,False,0.0,41.62724093647782,0.08778635312988373,0.03455677866626233,0.019408980981976375,0.9015231473865231,0.9432455454512539,0.5299329229818561,0.563312985218005,0.3477001968172929,28.6209261819936,0.06058425169267031,0.021102396877630547,0.011317190045389686,0.9298968541870996,0.9597524425562826,0.5943054828197346,0.5479222635823892,0.4384058951795615,0.04009691672017668,0.019827272085094626,0.007619791999679713,0.3647678567725089,0.6585248013742753,0.6317255434782609,0.3719604863221884,0.3719604863221884,0.64,0.5201426630434782,0.5750269396551724,0.2823275862068966
False,./data/extract_challenge/filtered.npy,EleutherAI/gpt-neo-125m,/nlp/data/riverd/unlearn,soft_unlikelihood,0.1,relu2,0.0,0.25,50.0,0.0001,15000.0,1.0,10.0,1e-06,10.0,False,True,10.0,entity,False,True,1000.0,False,0.0,72.8371004116123,0.04581258757681228,0.0070704498192624265,0.001519817609711202,0.9414146832855659,0.9704840238892126,0.5796979201414076,0.5387348859492629,0.34009668675871796,66.85342190455962,0.03346133345486883,0.00524816972645127,0.0013213254695923703,0.9537612917426946,0.9704614895152512,0.44911047033491175,0.5256384131442978,0.41611555784586374,0.017636046964034705,0.004040786864053388,0.0004238671102655534,0.3256349137081765,0.5708,0.6259963768115943,0.370844414893617,0.370844414893617,0.62,0.5209239130434782,0.5750269396551724,0.2826038029244871
False,./data/extract_challenge/filtered.npy,EleutherAI/gpt-neo-125m,/nlp/data/riverd/unlearn,soft_unlikelihood,0.1,relu2,0.0,0.25,50.0,0.0001,15000.0,1.0,3.0,1e-07,3.0,True,False,10.0,entity,True,True,1000.0,False,0.0,27.2063893826369,0.11880351546018555,0.05460553745512085,0.034548384740754605,0.871301644576596,0.9246008362678267,0.5504593167214966,0.5719457073522781,0.3551849271912815,17.85305116605741,0.08091036295365611,0.032861747376642485,0.020227519762373792,0.9114748105322468,0.9512103994301538,0.6946697578108072,0.5553896474648282,0.4466718128498317,0.14441593960492288,0.11573872969897203,0.08538548997329642,0.48580091319431185,0.7059265621644836,0.6331748188405797,0.38017667173252284,0.38017667173252284,0.62,0.5162364130434782,0.5750269396551724,0.2816557998690528
False,./data/extract_challenge/filtered.npy,EleutherAI/gpt-neo-125m,/nlp/data/riverd/unlearn,soft_unlikelihood,0.1,relu2,0.0,0.25,50.0,0.0001,15000.0,1.0,30.0,1e-06,30.0,True,False,10.0,entity,True,True,1000.0,False,0.0,52.97743517231989,0.058187656922232496,0.0125617334182275,0.004013285060797498,0.9316865381242523,0.9664910659765268,0.6397311714841929,0.5294862218303992,0.33453618393629003,33.80277259914578,0.04407524971705668,0.008695272263036761,0.0029408230573862693,0.9470483703092729,0.973038728085514,0.6153130504565039,0.5258291176115849,0.42006832640826797,0.05110932132318017,0.03150269030900983,0.015287989366568971,0.37549316569330743,0.6503113592441486,0.6275588768115943,0.37044072948328266,0.37044072948328266,0.63,0.516929347826087,0.5750269396551724,0.28195247708424265
False,./data/extract_challenge/filtered.npy,EleutherAI/gpt-neo-125m,/nlp/data/riverd/unlearn,soft_unlikelihood,0.1,relu2,0.0,0.25,50.0,0.0001,15000.0,1.0,100.0,1e-07,30.0,True,False,10.0,entity,True,True,1000.0,False,0.0,51.23300373473341,0.06849076975108599,0.019843508030519857,0.009441658893440062,0.9211692949181396,0.9587317079418474,0.573802296358699,0.5332219639566342,0.33696201336283793,31.62038411578006,0.04762324175868095,0.011171248654074192,0.004666226118626404,0.9428321259601854,0.969699706688324,0.5941017735153119,0.5292427093384275,0.42252122490194655,0.05743820296172769,0.036285911872558994,0.018842738343376558,0.3807209821183372,0.6684024049817479,0.633695652173913,0.3715568009118541,0.3715568009118541,0.63,0.5185801630434782,0.5750269396551724,0.2834154026625928
False,./data/extract_challenge/filtered.npy,EleutherAI/gpt-neo-125m,/nlp/data/riverd/unlearn,soft_unlikelihood,0.1,relu2,0.0,0.25,50.0,0.0001,15000.0,1.0,10.0,1e-06,30.0,False,True,10.0,entity,False,True,1000.0,False,0.0,77.28476224235347,0.044590810066026,0.007429603463932521,0.0017670592008113375,0.9421448381727325,0.9691538518130054,0.5717261311675224,0.5363545148555129,0.33156063593924046,68.14440855073191,0.03305267810078437,0.00531380750678805,0.0012809920386484843,0.9541754592712116,0.9696808382586848,0.4103664334230671,0.5233671028775523,0.4151213856307749,0.012468434803401676,0.002166757798228713,0.00016338788468519216,0.31627475790163734,0.49278333333333335,0.627038043478261,0.36597644376899696,0.36597644376899696,0.62,0.5193614130434783,0.5750269396551724,0.2829993725447403
False,./data/extract_challenge/filtered.npy,EleutherAI/gpt-neo-125m,/nlp/data/riverd/unlearn,soft_unlikelihood,0.1,relu2,0.0,0.25,50.0,0.0001,15000.0,1.0,3.0,1e-07,3.0,True,False,10.0,none,True,True,1000.0,False,0.0,29.006106522205968,0.11625730464505668,0.054190798123576876,0.034730226266203944,0.8736196756008924,0.9246001985406757,0.6378817857054049,0.5755803623941342,0.3636345394666177,18.895209584188848,0.08051240929609786,0.03404521921575524,0.021505780374851034,0.9117108423992478,0.9497298664425275,0.6994609063812465,0.5589155827860434,0.44930825793240925,0.14019931741200894,0.11127949887720934,0.08061734108686584,0.48424516101219783,0.7046918617135495,0.6342164855072464,0.37682845744680854,0.37682845744680854,0.63,0.5155434782608695,0.5750269396551724,0.282051369489306
False,./data/extract_challenge/filtered.npy,EleutherAI/gpt-neo-125m,/nlp/data/riverd/unlearn,soft_unlikelihood,0.1,relu2,0.0,0.25,50.0,0.0001,15000.0,1.0,3.0,1e-07,10.0,True,False,10.0,entity,True,True,1000.0,False,0.0,26.331525262138797,0.11946517948419764,0.05397377964409598,0.03387656680873225,0.8713732286100682,0.9266894539118997,0.6255949368089853,0.5699925823522781,0.35495108629166705,17.588441786260727,0.08348201549761468,0.03442695001819594,0.021602655791400565,0.9089764073154575,0.9497783659483001,0.7107826974923332,0.5540141679376245,0.4481750864603286,0.14351199905529174,0.11492534205161722,0.08459744171214308,0.4837474494603598,0.705872879536182,0.6331748188405797,0.3824088145896657,0.3824088145896657,0.62,0.5177989130434782,0.5750269396551724,0.28185358467917937
False,./data/extract_challenge/filtered.npy,EleutherAI/gpt-neo-125m,/nlp/data/riverd/unlearn,soft_unlikelihood,0.1,relu2,0.0,0.25,50.0,0.0001,15000.0,1.0,30.0,1e-06,30.0,True,False,10.0,none,True,True,1000.0,False,0.0,78.35489207680158,0.052625368210586984,0.011910432765283406,0.0040767287301339645,0.9347740931158931,0.9622431467592567,0.4883641245265695,0.5282724492971691,0.3310778983629109,55.33250999780108,0.03963344766240591,0.00826002656886569,0.002826368080506954,0.9485738495911749,0.9683784982751987,0.4824662648281042,0.5304585491043637,0.4187181418931132,0.022829926452596436,0.006887637730872305,0.0010019383453907923,0.3377481953270229,0.5601782263259609,0.6296422101449276,0.3749050151975684,0.3749050151975684,0.62,0.5184035326086956,0.5750269396551724,0.2807453077258839
False,./data/extract_challenge/filtered.npy,EleutherAI/gpt-neo-125m,/nlp/data/riverd/unlearn,soft_unlikelihood,0.1,relu2,0.0,0.25,50.0,0.0001,15000.0,1.0,10.0,1e-07,3.0,False,True,10.0,entity,False,True,1000.0,False,0.0,37.83712699895734,0.08299952369480548,0.026854763611729657,0.01265307489012716,0.906545273584893,0.9538833302199422,0.6717591631218223,0.5595042229895311,0.3578006770342607,28.13622854280804,0.055202258719856484,0.015765934761423378,0.007058874356152086,0.9362038037190453,0.9667274772919411,0.6281142374929622,0.5454726504139691,0.43812956348241516,0.13435624680419986,0.09885943274530158,0.06241701010359219,0.46993241564563165,0.7727666666666667,0.6317255434782609,0.3745963145896657,0.3745963145896657,0.62,0.519273097826087,0.5750269396551724,0.28371207987778263
False,./data/extract_challenge/filtered.npy,EleutherAI/gpt-neo-1.3B,/nlp/data/riverd/unlearn,soft_unlikelihood,0.1,relu2,0.0,0.25,50.0,0.0001,15000.0,4.0,30.0,1e-07,10.0,False,False,10.0,entity,False,True,1000.0,False,0.0,105.78321944979083,0.04955844381686432,0.006597620045340455,0.0010981283995822348,0.9367231641052464,0.9665317322795084,0.27103114682382146,0.5043151932049874,0.3131920338282303,92.45204841041209,0.03738365483518908,0.004675199860665289,0.0007426047648068026,0.9481638098725109,0.9675745383802944,0.19356265357493532,0.49519570035288535,0.3896136204802535,0.012511580090195006,0.0016358483325170457,6.372046346087868e-05,0.3372491899634867,0.5165833333333333,0.6492456896551724,0.4039351851851852,0.4039351851851852,0.703125,0.5256167763157895,0.5484375,0.30933059774620286
False,./data/extract_challenge/filtered.npy,EleutherAI/gpt-neo-125m,/nlp/data/riverd/unlearn,soft_unlikelihood,0.1,relu2,0.0,0.25,50.0,0.0001,15000.0,1.0,3.0,1e-07,10.0,True,False,10.0,none,True,True,1000.0,False,0.0,27.90824580918056,0.11913947793729016,0.0559843974028601,0.036381411987873175,0.870895114829966,0.9230995243884178,0.5627370115167956,0.5716826894800816,0.3590863919004779,18.574495032052855,0.08036760090101748,0.03310828797039718,0.0203764316539088,0.9117972858142054,0.9505411489422455,0.7102061073702632,0.5569006323339455,0.44814346062758775,0.1399161271012565,0.11100926514016103,0.08042448206845426,0.48337842445078233,0.7059265621644836,0.633695652173913,0.3757123860182371,0.3757123860182371,0.63,0.5147622282608696,0.5750269396551724,0.28195247708424265
False,./data/extract_challenge/filtered.npy,EleutherAI/gpt-neo-1.3B,/nlp/data/riverd/unlearn,soft_unlikelihood,0.1,relu2,0.0,0.25,50.0,0.0001,15000.0,4.0,3.0,1e-06,3.0,False,False,10.0,entity,False,True,1000.0,False,0.0,51.32089070023785,0.0769663749135554,0.01596200161836457,0.004087200158874211,0.9127231342817469,0.9625541166369495,0.340288502643884,0.5391498790630881,0.3368741159807596,38.87376722974164,0.05366410436322201,0.00986533106532413,0.0024654165158214517,0.9361460903770066,0.9696188765496974,0.38000394275234667,0.5205743189351967,0.41703701718915365,0.10780054462171622,0.07385445844804667,0.042500441630325375,0.4698350696622782,0.7475333333333334,0.6551724137931034,0.4110339506172839,0.4110339506172839,0.7109375,0.5308388157894737,0.553125,0.31480432386085255
False,./data/extract_challenge/filtered.npy,EleutherAI/gpt-neo-125m,/nlp/data/riverd/unlearn,soft_unlikelihood,0.1,relu2,0.0,0.25,50.0,0.0001,15000.0,1.0,100.0,1e-07,30.0,True,False,10.0,none,True,True,1000.0,False,0.0,68.4541311729768,0.058860280311609885,0.013908193223606855,0.00489197325127836,0.929463043119812,0.9619529797977634,0.5822673750870897,0.5408350467083595,0.3394139261379922,49.736170507838075,0.04336678703188302,0.009694379777132809,0.0035504599111868293,0.9451988771319495,0.9678992660906823,0.5095850123588201,0.529037597169914,0.41930761019756324,0.02697009505252122,0.010086242582753275,0.0024976165725884764,0.3420634761377231,0.627066781189607,0.6286005434782609,0.37419262917933127,0.37419262917933127,0.63,0.5223980978260869,0.5750269396551724,0.2809430925360105
False,./data/extract_challenge/filtered.npy,EleutherAI/gpt-neo-125m,/nlp/data/riverd/unlearn,soft_unlikelihood,0.1,relu2,0.0,0.25,50.0,0.0001,15000.0,1.0,30.0,1e-07,3.0,True,False,10.0,entity,True,True,1000.0,False,0.0,34.04972874962128,0.09742068680483733,0.039590063369671455,0.02262445312620643,0.893518982753626,0.9414097035191525,0.629757909233645,0.5598674089726121,0.3508213210156844,20.312971028254303,0.06653753014283419,0.02391721101660089,0.013916834110390842,0.9258315312783035,0.9602124833629213,0.6938644723424815,0.5449925760823892,0.44291529658322865,0.12872464289294955,0.1008979159455147,0.07121806904440077,0.4660630966364465,0.7006119819626369,0.6284873188405797,0.37682845744680854,0.37682845744680854,0.62,0.517710597826087,0.5750269396551724,0.28224915429943254
False,./data/extract_challenge/filtered.npy,EleutherAI/gpt-neo-125m,/nlp/data/riverd/unlearn,soft_unlikelihood,0.1,relu2,0.0,0.25,50.0,0.0001,15000.0,1.0,3.0,1e-07,30.0,True,False,10.0,entity,True,True,1000.0,False,0.0,26.595228605892864,0.12031129434156113,0.05527143312258894,0.03554584305380211,0.8705226511965818,0.9253851623825428,0.574809421590687,0.5684534166209222,0.3544930542306215,17.546338686139297,0.08414365048115321,0.03487267237800382,0.02194388422773053,0.9083249210404438,0.949351156705877,0.713469198315281,0.5540829844683764,0.4484499740728318,0.1437222864658439,0.11502017653088173,0.0846387746346457,0.4841694403010546,0.705872879536182,0.6331748188405797,0.3824088145896657,0.3824088145896657,0.62,0.5170176630434782,0.5750269396551724,0.28195247708424265
False,./data/extract_challenge/filtered.npy,EleutherAI/gpt-neo-125m,/nlp/data/riverd/unlearn,soft_unlikelihood,0.1,relu2,0.0,0.25,50.0,0.0001,15000.0,1.0,10.0,1e-07,10.0,False,True,10.0,entity,False,True,1000.0,False,0.0,53.89972192860139,0.07024727976938738,0.02265512682344285,0.010321068942186403,0.9183332389530706,0.9537375225461784,0.5322677824486124,0.5513238272672915,0.34825499643252666,39.004663373056566,0.04829900874742158,0.014059605986862997,0.006919687242939523,0.940773524068286,0.9645529738642872,0.5492512809603634,0.5350460949172062,0.4289882184447817,0.05425155671801531,0.026310427381919084,0.008938655082090314,0.36545692367288285,0.7131666666666666,0.6301630434782609,0.37013202887537994,0.37013202887537994,0.64,0.517710597826087,0.5750269396551724,0.28381097228284596
False,./data/extract_challenge/filtered.npy,EleutherAI/gpt-neo-125m,/nlp/data/riverd/unlearn,soft_unlikelihood,0.1,relu2,0.0,0.25,50.0,0.0001,15000.0,1.0,3.0,1e-07,30.0,True,False,10.0,none,True,True,1000.0,False,0.0,27.60840393673582,0.11895083244763116,0.05557692843170704,0.03594810118224929,0.8711582727975936,0.9236534227632159,0.5450732719559406,0.5699033270516389,0.35834614400853554,18.580277335972813,0.08102510140901709,0.03346160758264585,0.020607126377857513,0.911157164418519,0.9502199742723455,0.7018401674174999,0.5572341979737301,0.44955159032780423,0.14007803902771793,0.11119411764099081,0.08067981319122756,0.48348738452967494,0.7057655142795791,0.633695652173913,0.37682845744680854,0.37682845744680854,0.63,0.5155434782608695,0.5750269396551724,0.282051369489306
False,./data/extract_challenge/filtered.npy,EleutherAI/gpt-neo-125m,/nlp/data/riverd/unlearn,soft_unlikelihood,0.1,relu2,0.0,0.25,50.0,0.0001,15000.0,1.0,30.0,1e-07,3.0,True,False,10.0,none,True,True,1000.0,False,0.0,35.17962766750398,0.09436934029311031,0.03743535031462245,0.021218049103688626,0.8962208028406407,0.9428883226600382,0.6459701983903555,0.5604809386517801,0.35446914809626273,23.756956040315718,0.06313858557225295,0.022310482850431974,0.012378793402644816,0.9280303272477026,0.9599200106465153,0.6895638973550988,0.5505910926606076,0.44330241593898206,0.10744334884260612,0.08033218800761172,0.05331774617768224,0.44719316120976804,0.6942237491947606,0.6305706521739131,0.3757123860182371,0.3757123860182371,0.62,0.521616847826087,0.5750269396551724,0.28185358467917937
False,./data/extract_challenge/filtered.npy,EleutherAI/gpt-neo-125m,/nlp/data/riverd/unlearn,soft_unlikelihood,0.1,relu2,0.0,0.25,50.0,0.0001,15000.0,1.0,10.0,1e-07,30.0,False,True,10.0,entity,False,True,1000.0,False,0.0,71.55083408201816,0.06847139032015982,0.02437367562770843,0.012960899594448785,0.9166977506022512,0.9476951691508434,0.4167502231702622,0.5478700185510116,0.34399981607906194,41.32781384746219,0.04946695597260031,0.014717997399097531,0.007357861551063632,0.9401452495085366,0.9644723089940391,0.5175995928079988,0.5382608360503299,0.4321210152605007,0.052070907270843424,0.024227406193332628,0.007779162390785507,0.3588001223705476,0.7022833333333334,0.6317255434782609,0.36901595744680854,0.36901595744680854,0.64,0.5170176630434782,0.5750269396551724,0.28390986468790924
False,./data/extract_challenge/filtered.npy,EleutherAI/gpt-neo-125m,/nlp/data/riverd/unlearn,soft_unlikelihood,0.1,relu2,0.0,0.25,50.0,0.0001,15000.0,1.0,10.0,1e-06,3.0,True,False,10.0,entity,True,True,1000.0,False,0.0,37.48286625021263,0.07784372537420227,0.02331599608664624,0.010326269860297244,0.9127301383468346,0.9570186622392713,0.5947195215267835,0.5550134675565598,0.35082373279176066,22.793569601414966,0.05777912080470512,0.01698688634142775,0.008450928703825836,0.934172851825344,0.9665860707488829,0.692603820265483,0.5389366605842256,0.43870985210247976,0.12125480989763304,0.09474802690479658,0.06662398611069008,0.45779440915211034,0.6981962636890702,0.6280797101449276,0.3790606003039514,0.3790606003039514,0.62,0.5170176630434782,0.5750269396551724,0.2828425087298123
False,./data/extract_challenge/filtered.npy,EleutherAI/gpt-neo-1.3B,/nlp/data/riverd/unlearn,soft_unlikelihood,0.1,relu2,0.0,0.25,50.0,0.0001,15000.0,4.0,10.0,1e-06,10.0,False,False,10.0,entity,False,True,1000.0,False,0.0,74.24112484236774,0.05350017324865533,0.007854149288759278,0.0013571794692232332,0.9328337227713811,0.9678480895796663,0.5478299463054603,0.5309857185392487,0.33573915577438684,95.1569742466755,0.036456946727977606,0.004723341719849897,0.0008580687658383154,0.9486994458489795,0.9667918234380324,0.2559691341803423,0.5039333328307862,0.3955421518632749,0.009983671187040806,0.0010760413495588181,5.361432852060152e-05,0.33945242131878234,0.4018833333333333,0.6438577586206896,0.3968364197530864,0.3968364197530864,0.6875,0.5303042763157895,0.54609375,0.30574779519843215
False,./data/extract_challenge/filtered.npy,EleutherAI/gpt-neo-125m,/nlp/data/riverd/unlearn,soft_unlikelihood,0.1,relu2,0.0,0.25,50.0,0.0001,15000.0,1.0,10.0,1e-06,3.0,True,False,10.0,none,True,True,1000.0,False,0.0,39.822449201844975,0.07528893070595616,0.023398126039809154,0.010715166620651802,0.9147495445830989,0.9571158817753629,0.6440876595918084,0.5536639166895388,0.3482689078607441,26.38304617571224,0.05430525289794641,0.015991585547335336,0.007692570256631418,0.9369061933323934,0.9663667188355325,0.6937801045708625,0.5435259693647286,0.43782596709844435,0.09395577744607767,0.06839606719886542,0.04393347164968441,0.4324007053673397,0.6864934507193472,0.6306838768115942,0.3824088145896657,0.3824088145896657,0.62,0.5223980978260869,0.5750269396551724,0.282051369489306
False,./data/extract_challenge/filtered.npy,EleutherAI/gpt-neo-125m,/nlp/data/riverd/unlearn,soft_unlikelihood,0.1,relu2,0.0,0.25,50.0,0.0001,15000.0,1.0,30.0,1e-06,3.0,False,True,10.0,entity,False,True,1000.0,False,0.0,43.63193000715253,0.06129319610125039,0.015356725626178317,0.00552976409384664,0.927828451538533,0.9646566069328361,0.6888793901297527,0.5589602289714358,0.34694850695795065,32.377797346648634,0.04401080020725529,0.009526649053100666,0.00327235873439829,0.9468510065185963,0.9724397568265306,0.6514913328107922,0.5416371622883466,0.43555987690852777,0.10154487535332242,0.07023917407469893,0.040908473802915755,0.4397389159964087,0.7266833333333333,0.6296422101449276,0.37682845744680854,0.37682845744680854,0.63,0.5193614130434783,0.5750269396551724,0.2831971573548669
False,./data/extract_challenge/filtered.npy,EleutherAI/gpt-neo-125m,/nlp/data/riverd/unlearn,soft_unlikelihood,0.1,relu2,0.0,0.25,50.0,0.0001,15000.0,1.0,30.0,1e-07,30.0,True,False,10.0,entity,True,True,1000.0,False,0.0,31.644360484819348,0.10329254546490793,0.04480977395069513,0.0276138288313057,0.8877859406404538,0.93647861179662,0.5904915826749135,0.5600113431961653,0.34908652612694085,22.082660419922302,0.06430488316215018,0.02224003945713318,0.012286044071065056,0.9275962059254066,0.9609473545865741,0.6721292613445664,0.5470450959832545,0.4412787920031029,0.08838013174866922,0.061025727714683904,0.03503560878873433,0.4240153885018724,0.6859566244363324,0.6316123188405797,0.370844414893617,0.370844414893617,0.62,0.5223980978260869,0.5750269396551724,0.28313918594500215
False,./data/extract_challenge/filtered.npy,EleutherAI/gpt-neo-125m,/nlp/data/riverd/unlearn,soft_unlikelihood,0.1,relu2,0.0,0.25,50.0,0.0001,15000.0,1.0,10.0,1e-06,10.0,True,False,10.0,entity,True,True,1000.0,False,0.0,47.198054738338456,0.07037083448819847,0.020616372452078948,0.009882010422167865,0.9198452692735671,0.9590585696743278,0.5511050627062868,0.5363944136213927,0.3415585624263242,30.687617991923382,0.0489374992556142,0.011582458288541046,0.004954207201040545,0.9416816726107168,0.9696033679922602,0.6342565309551775,0.528928414758933,0.422951505081153,0.06357333528576758,0.04132624739538974,0.022296687303681693,0.389418116622672,0.6744685419798153,0.6326539855072464,0.37044072948328266,0.37044072948328266,0.63,0.5162364130434782,0.5750269396551724,0.28301983304233963
False,./data/extract_challenge/filtered.npy,EleutherAI/gpt-neo-125m,/nlp/data/riverd/unlearn,soft_unlikelihood,0.1,relu2,0.0,0.25,50.0,0.0001,15000.0,1.0,30.0,1e-06,10.0,False,True,10.0,entity,False,True,1000.0,False,0.0,71.52802176463388,0.04328773263975527,0.006915714290112088,0.0016665690615694524,0.9440904395039461,0.9684726841620654,0.6088245708442099,0.539408034033877,0.3462222491506688,74.72618865030253,0.032524006170249815,0.005343499962711349,0.0012300712847649056,0.9545357569222992,0.9690778720219158,0.38942071815600976,0.5195325874237425,0.4072569656118322,0.012476657783903094,0.001965017908876585,0.00015863805251738566,0.32053484794513787,0.44038333333333335,0.6239130434782609,0.36455167173252284,0.36455167173252284,0.63,0.5190964673913043,0.5750269396551724,0.28141709406372767
False,./data/extract_challenge/filtered.npy,EleutherAI/gpt-neo-125m,/nlp/data/riverd/unlearn,soft_unlikelihood,0.1,relu2,0.0,0.25,50.0,0.0001,15000.0,1.0,30.0,1e-06,30.0,False,True,10.0,entity,False,True,1000.0,False,0.0,69.6569576205113,0.04496025791957403,0.007669736159655737,0.001837855129527317,0.9448938200580237,0.971455972860834,0.6083915026379958,0.5482435046953419,0.33882515187815787,78.76461376994699,0.03176196512644409,0.004982323456849089,0.001112159902469101,0.9546412481372978,0.9688496506000732,0.3647709544195357,0.5179356426831736,0.40665102379899326,0.008307163317171318,0.0010210362535351145,4.1361295943437405e-05,0.3108414133416528,0.34121666666666667,0.6244338768115942,0.3641479863221884,0.3641479863221884,0.63,0.5206589673913044,0.5750269396551724,0.28181266368398084
False,./data/extract_challenge/filtered.npy,EleutherAI/gpt-neo-125m,/nlp/data/riverd/unlearn,soft_unlikelihood,0.1,relu2,0.0,0.25,50.0,0.0001,15000.0,1.0,30.0,1e-07,3.0,False,True,10.0,entity,False,True,1000.0,False,0.0,48.68075614749721,0.06703505883911393,0.01793921386798245,0.006880037975672935,0.9224986327018941,0.9604042949320347,0.6594870984873502,0.5541585541728749,0.3553094438030624,30.891023418706904,0.048223792804553814,0.011442471305107227,0.004449736602822168,0.942317496585584,0.9700953556768337,0.6540482087644572,0.5386989639099851,0.4337453800933046,0.12279516117041757,0.088631068698443,0.054667189426452385,0.4613143053215734,0.76765,0.6275588768115943,0.3712481003039514,0.3712481003039514,0.63,0.5201426630434782,0.5750269396551724,0.2834154026625928
False,./data/extract_challenge/filtered.npy,EleutherAI/gpt-neo-125m,/nlp/data/riverd/unlearn,soft_unlikelihood,0.1,relu2,0.0,0.25,50.0,0.0001,15000.0,1.0,30.0,1e-07,10.0,False,True,10.0,entity,False,True,1000.0,False,0.0,88.43452398554349,0.04709301320205599,0.009240172287800531,0.002818190869717961,0.9371314607511118,0.962276829347174,0.43285384647469194,0.5155682533867236,0.3309769154908404,56.526238595862026,0.03440524666817397,0.005695311059629788,0.0016108353037152811,0.9541234004355271,0.9721490361461452,0.4288758249501571,0.5151086328514068,0.4079096652792333,0.029197280045289653,0.009306369320784814,0.0015393076601778193,0.3364856109258913,0.6884833333333333,0.6281929347826087,0.370844414893617,0.370844414893617,0.64,0.5162364130434782,0.5750269396551724,0.28278112723701443
False,./data/extract_challenge/filtered.npy,EleutherAI/gpt-neo-1.3B,/nlp/data/riverd/unlearn,soft_unlikelihood,0.1,relu2,0.0,0.25,50.0,0.0001,15000.0,4.0,30.0,1e-07,3.0,False,False,10.0,entity,False,True,1000.0,False,0.0,55.037336395083564,0.07303043653929979,0.01469844770894048,0.0036341739080001357,0.9166431788901431,0.9638029746228267,0.3818950514250995,0.5421633846038857,0.344692964200281,39.77953274545646,0.05376671567728677,0.010139577704273256,0.002589918860092594,0.9358619189445423,0.969220922619888,0.393132975764661,0.5196736248365912,0.4174194743970884,0.10724974512735083,0.07346684223381118,0.042231264442859406,0.46997439734408786,0.7473333333333333,0.6535560344827587,0.41219135802469137,0.41219135802469137,0.71875,0.5292763157894738,0.553125,0.31410766780989713
False,./data/extract_challenge/filtered.npy,EleutherAI/gpt-neo-1.3B,/nlp/data/riverd/unlearn,soft_unlikelihood,0.1,relu2,0.0,0.25,50.0,0.0001,15000.0,4.0,10.0,1e-06,3.0,False,False,10.0,entity,False,True,1000.0,False,0.0,52.556781244097415,0.06659859723458063,0.01383706581967695,0.0037406298220082844,0.922322506243196,0.9644760107020952,0.6272925007872073,0.5519259080683422,0.3485815344305903,44.46057487637908,0.04816196903297364,0.008541443673444078,0.002105475712143625,0.9409677093344047,0.9696275656185864,0.456791750319853,0.5252058173555777,0.4219583731471186,0.10781876822533897,0.07418574080429595,0.0425478748135037,0.4676297262401592,0.7399333333333333,0.6449353448275862,0.40154320987654324,0.40154320987654324,0.6796875,0.5316200657894737,0.558984375,0.30913155316021557
False,./data/extract_challenge/filtered.npy,EleutherAI/gpt-neo-125m,/nlp/data/riverd/unlearn,soft_unlikelihood,0.1,relu2,0.0,0.25,50.0,0.0001,15000.0,1.0,30.0,1e-07,30.0,False,True,10.0,entity,False,True,1000.0,False,0.0,106.56615264144394,0.0443120037873183,0.008117836437105912,0.002232572621298192,0.9411457222939145,0.9646558174501718,0.45033883104863603,0.5077600419296973,0.3214644884312037,65.41665518184753,0.0327778119956771,0.005186903251314144,0.0012879237730741482,0.9540930149427415,0.969102063420883,0.4257766713176618,0.5060094704191048,0.3996623707877238,0.023366022899090778,0.005921922067569621,0.0006927048852144843,0.32330932861420636,0.6573333333333333,0.6292346014492753,0.3686122720364741,0.3686122720364741,0.63,0.5177989130434782,0.5750269396551724,0.2818910955914448
False,./data/extract_challenge/filtered.npy,EleutherAI/gpt-neo-125m,/nlp/data/riverd/unlearn,soft_unlikelihood,0.1,relu2,0.0,0.25,50.0,0.0001,15000.0,1.0,100.0,1e-06,3.0,False,True,10.0,entity,False,True,1000.0,False,0.0,45.175137265426685,0.06011996645054236,0.014166223145082577,0.004954517066960465,0.9291598628342195,0.9649590556129397,0.7139489914498638,0.5603218030750079,0.3506685031327878,31.171605322590878,0.04516199384443906,0.009938009017295666,0.0032487050694100885,0.94612448830229,0.9726194426877847,0.6341527525268189,0.539011921065737,0.4349601405941273,0.09456469795498502,0.06395939322961713,0.03614285031178476,0.4308875438790303,0.68785,0.6310914855072464,0.3745963145896657,0.3745963145896657,0.64,0.519273097826087,0.5750269396551724,0.2826038029244871
False,./data/extract_challenge/filtered.npy,EleutherAI/gpt-neo-1.3B,/nlp/data/riverd/unlearn,soft_unlikelihood,0.1,relu2,0.0,0.25,50.0,0.0001,15000.0,4.0,3.0,1e-07,10.0,False,False,10.0,entity,False,True,1000.0,False,0.0,31.68980112230791,0.08548408774954125,0.03159861414849955,0.016867004973055724,0.9038500139057333,0.9487050341612147,0.5704605658730567,0.5946939389409505,0.4063814259841197,15.954134357162541,0.061500404738129066,0.022036070763126074,0.012591046935594716,0.9303815854262681,0.9616518339488717,0.7258365915297965,0.5748726286261205,0.5042666224213187,0.06189084479175669,0.03226456944934012,0.01224880532169004,0.4072977807873782,0.7545666666666667,0.6958897783251232,0.4422839506172839,0.4422839506172839,0.671875,0.5539884868421052,0.539453125,0.3588391107300343
False,./data/extract_challenge/filtered.npy,EleutherAI/gpt-neo-1.3B,/nlp/data/riverd/unlearn,soft_unlikelihood,0.1,relu2,0.0,0.25,50.0,0.0001,15000.0,4.0,30.0,1e-06,10.0,False,False,10.0,entity,False,True,1000.0,False,0.0,65.02843380160672,0.05568411059694666,0.008651116603937432,0.0018738536968781272,0.9338613983253795,0.9697729958570169,0.6307805451106067,0.5464131009474004,0.3436937204151972,106.4116554426314,0.03762331986527706,0.005337257634580417,0.001170042963091513,0.9466601140690665,0.9646430593304423,0.2602926188168697,0.5007776511142928,0.392044881738368,0.008890485967823944,0.0009357206047048697,6.903342288789365e-05,0.335459612448692,0.30901666666666666,0.6366995073891626,0.3932098765432099,0.3932098765432099,0.703125,0.5222450657894737,0.558984375,0.3036578270455659
False,./data/extract_challenge/filtered.npy,EleutherAI/gpt-neo-1.3B,/nlp/data/riverd/unlearn,soft_unlikelihood,0.1,relu2,0.0,0.25,50.0,0.0001,15000.0,4.0,30.0,1e-06,3.0,False,False,10.0,entity,False,True,1000.0,False,0.0,44.94165598137039,0.06630873475729658,0.013624679218543968,0.003655903782564722,0.9237553999865928,0.9657538754643162,0.6887988401099325,0.5602784964490864,0.356232412926002,41.66653938728237,0.04794730091802828,0.008611352535526851,0.002211057322234453,0.9417836126813565,0.9710165713085557,0.48219808098133166,0.5309378331400959,0.42830244512079224,0.10369999109434135,0.0705401845456021,0.039939173688331345,0.46144993241421955,0.7160666666666666,0.6417025862068966,0.39220679012345677,0.39220679012345677,0.6796875,0.5295230263157895,0.562890625,0.3042549608035277
False,./data/extract_challenge/filtered.npy,EleutherAI/gpt-neo-1.3B,/nlp/data/riverd/unlearn,soft_unlikelihood,0.1,relu2,0.0,0.25,50.0,0.0001,15000.0,4.0,3.0,1e-07,3.0,False,False,10.0,entity,False,True,1000.0,False,0.0,24.520212265388285,0.09645059274926034,0.03606426448264112,0.01954557830705335,0.8953142589067971,0.9465377414026379,0.6276905232647693,0.59882893675992,0.40106010287672916,13.59531382745022,0.06727891756517553,0.02381222758402742,0.013317925544995866,0.925342051867735,0.9610630811787387,0.7680942866846237,0.5777827411058889,0.5054561213130573,0.09934281271587378,0.06345751008238622,0.03178673491071572,0.4681175593043251,0.7806666666666666,0.6964285714285715,0.44591049382716047,0.44591049382716047,0.6640625,0.5539884868421052,0.543359375,0.3602324228319451
False,./data/extract_challenge/filtered.npy,EleutherAI/gpt-neo-1.3B,/nlp/data/riverd/unlearn,soft_unlikelihood,0.1,relu2,0.0,0.25,50.0,0.0001,15000.0,4.0,10.0,1e-07,10.0,False,False,10.0,entity,False,True,1000.0,False,0.0,179.1703543555419,0.050774520480886744,0.007392127894208691,0.0014252703370088947,0.9308650850815239,0.9562821739213968,0.06435850890373207,0.4909851380543248,0.3114733009016634,84.83348740975399,0.04458270818690529,0.00653310866939347,0.001287811270915409,0.9409018924761414,0.9660323413574455,0.06824062713933471,0.499228458480531,0.3957742794615818,0.019145176807683503,0.0033475716059499228,0.00016445396048422363,0.34336151535220755,0.6354166666666666,0.6655634236453202,0.42484567901234566,0.42484567901234566,0.71875,0.5303042763157895,0.553125,0.3215718397844194
False,./data/extract_challenge/filtered.npy,EleutherAI/gpt-neo-1.3B,/nlp/data/riverd/unlearn,soft_unlikelihood,0.1,relu2,0.0,0.25,50.0,0.0001,15000.0,4.0,1.0,1e-06,3.0,False,False,10.0,entity,False,True,1000.0,False,0.0,69.26656847790883,0.08586381636782003,0.020824258436124714,0.006781689117509641,0.9022040640791127,0.9543192682944212,0.21413956277856744,0.5223909040616178,0.33129456121395046,33.49668242684107,0.06412368614068574,0.01458559596067319,0.0049451587491958415,0.9262201500831179,0.9658876598735024,0.25718577383684593,0.5269991810103337,0.4293939692018817,0.10555554056144965,0.0716929251868527,0.04103815574906331,0.4656548969018273,0.7437666666666667,0.6717980295566502,0.4318672839506173,0.4318672839506173,0.703125,0.5318667763157895,0.55703125,0.32634890984811366
False,./data/extract_challenge/filtered.npy,EleutherAI/gpt-neo-1.3B,/nlp/data/riverd/unlearn,soft_unlikelihood,0.1,relu2,0.0,0.25,50.0,0.0001,15000.0,4.0,1.0,1e-07,3.0,False,False,10.0,entity,False,True,1000.0,False,0.0,18.64284399482915,0.09113735887434478,0.0340551818724043,0.018613173481534625,0.8992720649856029,0.947153941994324,0.6284093461197671,0.599799564222769,0.4118189275769547,11.133101734023334,0.06509241325744582,0.02357423875809777,0.013476524126068142,0.9278051658410283,0.9616311462938066,0.795116673185102,0.5813665503999627,0.5147096214030287,0.2678637854194417,0.2269435805751616,0.1751697556540511,0.6062340689364277,0.9250666666666667,0.7018165024630543,0.45632716049382716,0.45632716049382716,0.6640625,0.5493009868421053,0.531640625,0.3678956393924547
False,./data/extract_challenge/filtered.npy,EleutherAI/gpt-neo-1.3B,/nlp/data/riverd/unlearn,soft_unlikelihood,0.1,relu2,0.0,0.25,50.0,0.0001,15000.0,4.0,2.0,1e-06,3.0,False,False,10.0,entity,False,True,1000.0,False,0.0,62.59708740832029,0.07918766816747369,0.017236815931458985,0.005042676641584936,0.9089137484806455,0.9580842767826626,0.21653293324621903,0.5238369471455459,0.33176168822771035,37.85053471785248,0.057543646962670184,0.010723865655930273,0.002745038976988185,0.9322142918526782,0.9688681186211497,0.31760644249640535,0.5174126492078561,0.41605441655582875,0.10681307518857129,0.07296109249828232,0.04182755765272469,0.469585143124025,0.74775,0.6628694581280787,0.41450617283950614,0.41450617283950614,0.7265625,0.5279605263157895,0.55703125,0.317093336599706
False,./data/extract_challenge/filtered.npy,EleutherAI/gpt-neo-1.3B,/nlp/data/riverd/unlearn,soft_unlikelihood,0.1,relu2,0.0,0.25,50.0,0.0001,15000.0,4.0,2.0,1e-07,3.0,False,False,10.0,entity,False,True,1000.0,False,0.0,20.64644291153772,0.09860805881325523,0.03934950681767695,0.0220370721894971,0.8917404830194642,0.9417353474247643,0.6441883620030955,0.6062939116168052,0.4129191547985115,11.70157684240378,0.06511018208693589,0.02336305245718297,0.01340921206465819,0.9278321966393478,0.9619276008605803,0.7836490501281379,0.5806236723029756,0.5131116574500275,0.15887963891761905,0.11873405628373747,0.07668309169560056,0.5195778637369474,0.8339666666666666,0.701277709359606,0.4516975308641975,0.4516975308641975,0.671875,0.5524259868421052,0.53671875,0.3646114037236649
,,,,,,,,,,,,,,,,,,,,,,,,,,,,,,,,,,,,,,,,,,,,,,,,,,,,,,
