verbose,filtered_extract_challenge_data_path,model_name_or_path,cache_dir,method,contrastive_coef,strat,relu_threshold,weight_subtraction_coef,num_epochs,lr,train_num,gradient_accu,num_epochs_su,lr_su,su_strength,focus,focus_dataset,focus_coeff,focus_type,focus_hard,do_sample,cd_num_token,DP,DP_coef,wikitext_perplexity,wikitext_rep_2,wikitext_rep_3,wikitext_rep_4,wikitext_div_2,wikitext_div_3,wikitext_mauve,wikitext_coherence,wikitext_similarity_gen,news_perplexity,news_rep_2,news_rep_3,news_rep_4,news_div_2,news_div_3,news_mauve,news_coherence,news_similarity_gen,el_3,el_5,el_10,similarity_ul,ma,piqa_,ai2_arc_ARC-Easy,ai2_arc_ARC-Challenge,super_glue_copa,winogrande_winogrande_s,validation_data/pubmed_qa.csv_,hellaswag_,peft,rank,lora_alpha,lr_sc,warmup_steps,weight_decay
,,,,,,,,,,,,,,,,,,,,,,,,,,,,,,,,,,,,,,,,,,,,,,,,,,,,,,,,,,,,
False,./data/extract_challenge/filtered.npy,EleutherAI/gpt-neo-1.3B,/nlp/data/riverd/unlearn,soft_unlikelihood,0.1,relu2,0.0,0.25,50.0,0.0001,15000.0,4.0,30.0,1e-07,3.0,False,False,10.0,entity,False,True,1000.0,False,0.0,55.037336395083564,0.07303043653929979,0.01469844770894048,0.0036341739080001357,0.9166431788901431,0.9638029746228267,0.3818950514250995,0.5421633846038857,0.344692964200281,39.77953274545646,0.05376671567728677,0.010139577704273256,0.002589918860092594,0.9358619189445423,0.969220922619888,0.393132975764661,0.5196736248365912,0.4174194743970884,0.10724974512735083,0.07346684223381118,0.042231264442859406,0.46997439734408786,0.7473333333333333,0.6535560344827587,0.41219135802469137,0.41219135802469137,0.71875,0.5292763157894738,0.553125,0.31410766780989713,,,,,,
False,./data/extract_challenge/filtered.npy,EleutherAI/gpt-neo-1.3B,/nlp/data/riverd/unlearn,soft_unlikelihood,0.1,relu2,0.0,0.25,50.0,0.0001,15000.0,4.0,10.0,1e-06,3.0,False,False,10.0,entity,False,True,1000.0,False,0.0,52.556781244097415,0.06659859723458063,0.01383706581967695,0.0037406298220082844,0.922322506243196,0.9644760107020952,0.6272925007872073,0.5519259080683422,0.3485815344305903,44.46057487637908,0.04816196903297364,0.008541443673444078,0.002105475712143625,0.9409677093344047,0.9696275656185864,0.456791750319853,0.5252058173555777,0.4219583731471186,0.10781876822533897,0.07418574080429595,0.0425478748135037,0.4676297262401592,0.7399333333333333,0.6449353448275862,0.40154320987654324,0.40154320987654324,0.6796875,0.5316200657894737,0.558984375,0.30913155316021557,,,,,,
False,./data/extract_challenge/filtered.npy,EleutherAI/gpt-neo-125m,/nlp/data/riverd/unlearn,soft_unlikelihood,0.1,relu2,0.0,0.25,50.0,0.0001,15000.0,1.0,30.0,1e-07,30.0,False,True,10.0,entity,False,True,1000.0,False,0.0,106.56615264144394,0.0443120037873183,0.008117836437105912,0.002232572621298192,0.9411457222939145,0.9646558174501718,0.45033883104863603,0.5077600419296973,0.3214644884312037,65.41665518184753,0.0327778119956771,0.005186903251314144,0.0012879237730741482,0.9540930149427415,0.969102063420883,0.4257766713176618,0.5060094704191048,0.3996623707877238,0.023366022899090778,0.005921922067569621,0.0006927048852144843,0.32330932861420636,0.6573333333333333,0.6292346014492753,0.3686122720364741,0.3686122720364741,0.63,0.5177989130434782,0.5750269396551724,0.2818910955914448,,,,,,
False,./data/extract_challenge/filtered.npy,EleutherAI/gpt-neo-125m,/nlp/data/riverd/unlearn,soft_unlikelihood,0.1,relu2,0.0,0.25,50.0,0.0001,15000.0,1.0,100.0,1e-06,3.0,False,True,10.0,entity,False,True,1000.0,False,0.0,45.175137265426685,0.06011996645054236,0.014166223145082577,0.004954517066960465,0.9291598628342195,0.9649590556129397,0.7139489914498638,0.5603218030750079,0.3506685031327878,31.171605322590878,0.04516199384443906,0.009938009017295666,0.0032487050694100885,0.94612448830229,0.9726194426877847,0.6341527525268189,0.539011921065737,0.4349601405941273,0.09456469795498502,0.06395939322961713,0.03614285031178476,0.4308875438790303,0.68785,0.6310914855072464,0.3745963145896657,0.3745963145896657,0.64,0.519273097826087,0.5750269396551724,0.2826038029244871,,,,,,
False,./data/extract_challenge/filtered.npy,EleutherAI/gpt-neo-1.3B,/nlp/data/riverd/unlearn,soft_unlikelihood,0.1,relu2,0.0,0.25,50.0,0.0001,15000.0,4.0,3.0,1e-07,10.0,False,False,10.0,entity,False,True,1000.0,False,0.0,31.68980112230791,0.08548408774954125,0.03159861414849955,0.016867004973055724,0.9038500139057333,0.9487050341612147,0.5704605658730567,0.5946939389409505,0.4063814259841197,15.954134357162541,0.061500404738129066,0.022036070763126074,0.012591046935594716,0.9303815854262681,0.9616518339488717,0.7258365915297965,0.5748726286261205,0.5042666224213187,0.06189084479175669,0.03226456944934012,0.01224880532169004,0.4072977807873782,0.7545666666666667,0.6958897783251232,0.4422839506172839,0.4422839506172839,0.671875,0.5539884868421052,0.539453125,0.3588391107300343,,,,,,
False,./data/extract_challenge/filtered.npy,EleutherAI/gpt-neo-1.3B,/nlp/data/riverd/unlearn,soft_unlikelihood,0.1,relu2,0.0,0.25,50.0,0.0001,15000.0,4.0,30.0,1e-06,10.0,False,False,10.0,entity,False,True,1000.0,False,0.0,65.02843380160672,0.05568411059694666,0.008651116603937432,0.0018738536968781272,0.9338613983253795,0.9697729958570169,0.6307805451106067,0.5464131009474004,0.3436937204151972,106.4116554426314,0.03762331986527706,0.005337257634580417,0.001170042963091513,0.9466601140690665,0.9646430593304423,0.2602926188168697,0.5007776511142928,0.392044881738368,0.008890485967823944,0.0009357206047048697,6.903342288789365e-05,0.335459612448692,0.30901666666666666,0.6366995073891626,0.3932098765432099,0.3932098765432099,0.703125,0.5222450657894737,0.558984375,0.3036578270455659,,,,,,
False,./data/extract_challenge/filtered.npy,EleutherAI/gpt-neo-1.3B,/nlp/data/riverd/unlearn,soft_unlikelihood,0.1,relu2,0.0,0.25,50.0,0.0001,15000.0,4.0,30.0,1e-06,3.0,False,False,10.0,entity,False,True,1000.0,False,0.0,44.94165598137039,0.06630873475729658,0.013624679218543968,0.003655903782564722,0.9237553999865928,0.9657538754643162,0.6887988401099325,0.5602784964490864,0.356232412926002,41.66653938728237,0.04794730091802828,0.008611352535526851,0.002211057322234453,0.9417836126813565,0.9710165713085557,0.48219808098133166,0.5309378331400959,0.42830244512079224,0.10369999109434135,0.0705401845456021,0.039939173688331345,0.46144993241421955,0.7160666666666666,0.6417025862068966,0.39220679012345677,0.39220679012345677,0.6796875,0.5295230263157895,0.562890625,0.3042549608035277,,,,,,
False,./data/extract_challenge/filtered.npy,EleutherAI/gpt-neo-1.3B,/nlp/data/riverd/unlearn,soft_unlikelihood,0.1,relu2,0.0,0.25,50.0,0.0001,15000.0,4.0,3.0,1e-07,3.0,False,False,10.0,entity,False,True,1000.0,False,0.0,24.520212265388285,0.09645059274926034,0.03606426448264112,0.01954557830705335,0.8953142589067971,0.9465377414026379,0.6276905232647693,0.59882893675992,0.40106010287672916,13.59531382745022,0.06727891756517553,0.02381222758402742,0.013317925544995866,0.925342051867735,0.9610630811787387,0.7680942866846237,0.5777827411058889,0.5054561213130573,0.09934281271587378,0.06345751008238622,0.03178673491071572,0.4681175593043251,0.7806666666666666,0.6964285714285715,0.44591049382716047,0.44591049382716047,0.6640625,0.5539884868421052,0.543359375,0.3602324228319451,,,,,,
False,./data/extract_challenge/filtered.npy,EleutherAI/gpt-neo-1.3B,/nlp/data/riverd/unlearn,soft_unlikelihood,0.1,relu2,0.0,0.25,50.0,0.0001,15000.0,4.0,10.0,1e-07,10.0,False,False,10.0,entity,False,True,1000.0,False,0.0,179.1703543555419,0.050774520480886744,0.007392127894208691,0.0014252703370088947,0.9308650850815239,0.9562821739213968,0.06435850890373207,0.4909851380543248,0.3114733009016634,84.83348740975399,0.04458270818690529,0.00653310866939347,0.001287811270915409,0.9409018924761414,0.9660323413574455,0.06824062713933471,0.499228458480531,0.3957742794615818,0.019145176807683503,0.0033475716059499228,0.00016445396048422363,0.34336151535220755,0.6354166666666666,0.6655634236453202,0.42484567901234566,0.42484567901234566,0.71875,0.5303042763157895,0.553125,0.3215718397844194,,,,,,
False,./data/extract_challenge/filtered.npy,EleutherAI/gpt-neo-1.3B,/nlp/data/riverd/unlearn,soft_unlikelihood,0.1,relu2,0.0,0.25,50.0,0.0001,15000.0,4.0,1.0,1e-06,3.0,False,False,10.0,entity,False,True,1000.0,False,0.0,69.26656847790883,0.08586381636782003,0.020824258436124714,0.006781689117509641,0.9022040640791127,0.9543192682944212,0.21413956277856744,0.5223909040616178,0.33129456121395046,33.49668242684107,0.06412368614068574,0.01458559596067319,0.0049451587491958415,0.9262201500831179,0.9658876598735024,0.25718577383684593,0.5269991810103337,0.4293939692018817,0.10555554056144965,0.0716929251868527,0.04103815574906331,0.4656548969018273,0.7437666666666667,0.6717980295566502,0.4318672839506173,0.4318672839506173,0.703125,0.5318667763157895,0.55703125,0.32634890984811366,,,,,,
False,./data/extract_challenge/filtered.npy,EleutherAI/gpt-neo-1.3B,/nlp/data/riverd/unlearn,soft_unlikelihood,0.1,relu2,0.0,0.25,50.0,0.0001,15000.0,4.0,1.0,1e-07,3.0,False,False,10.0,entity,False,True,1000.0,False,0.0,18.64284399482915,0.09113735887434478,0.0340551818724043,0.018613173481534625,0.8992720649856029,0.947153941994324,0.6284093461197671,0.599799564222769,0.4118189275769547,11.133101734023334,0.06509241325744582,0.02357423875809777,0.013476524126068142,0.9278051658410283,0.9616311462938066,0.795116673185102,0.5813665503999627,0.5147096214030287,0.2678637854194417,0.2269435805751616,0.1751697556540511,0.6062340689364277,0.9250666666666667,0.7018165024630543,0.45632716049382716,0.45632716049382716,0.6640625,0.5493009868421053,0.531640625,0.3678956393924547,,,,,,
False,./data/extract_challenge/filtered.npy,EleutherAI/gpt-neo-1.3B,/nlp/data/riverd/unlearn,soft_unlikelihood,0.1,relu2,0.0,0.25,50.0,0.0001,15000.0,4.0,2.0,1e-06,3.0,False,False,10.0,entity,False,True,1000.0,False,0.0,62.59708740832029,0.07918766816747369,0.017236815931458985,0.005042676641584936,0.9089137484806455,0.9580842767826626,0.21653293324621903,0.5238369471455459,0.33176168822771035,37.85053471785248,0.057543646962670184,0.010723865655930273,0.002745038976988185,0.9322142918526782,0.9688681186211497,0.31760644249640535,0.5174126492078561,0.41605441655582875,0.10681307518857129,0.07296109249828232,0.04182755765272469,0.469585143124025,0.74775,0.6628694581280787,0.41450617283950614,0.41450617283950614,0.7265625,0.5279605263157895,0.55703125,0.317093336599706,,,,,,
False,./data/extract_challenge/filtered.npy,EleutherAI/gpt-neo-1.3B,/nlp/data/riverd/unlearn,soft_unlikelihood,0.1,relu2,0.0,0.25,50.0,0.0001,15000.0,4.0,2.0,1e-07,3.0,False,False,10.0,entity,False,True,1000.0,False,0.0,20.64644291153772,0.09860805881325523,0.03934950681767695,0.0220370721894971,0.8917404830194642,0.9417353474247643,0.6441883620030955,0.6062939116168052,0.4129191547985115,11.70157684240378,0.06511018208693589,0.02336305245718297,0.01340921206465819,0.9278321966393478,0.9619276008605803,0.7836490501281379,0.5806236723029756,0.5131116574500275,0.15887963891761905,0.11873405628373747,0.07668309169560056,0.5195778637369474,0.8339666666666666,0.701277709359606,0.4516975308641975,0.4516975308641975,0.671875,0.5524259868421052,0.53671875,0.3646114037236649,,,,,,
False,./data/extract_challenge/filtered.npy,EleutherAI/gpt-neo-1.3B,/nlp/data/riverd/unlearn,soft_unlikelihood,0.1,relu2,0.0,0.25,50.0,0.0001,15000.0,4.0,1.0,1e-06,10.0,False,False,10.0,entity,False,True,1000.0,False,0.0,175.5019005950981,0.0524010982613097,0.007753389100049067,0.0014908560310307138,0.9284803529394715,0.9544335915944009,0.08120206141514427,0.49135196164082107,0.3074864958178654,78.47646765732216,0.04477552163625817,0.006633887791688162,0.0013898287174872008,0.9413715532490163,0.9670160469454555,0.06830583887781763,0.4976426082778262,0.39786178205024075,0.019517695916312222,0.0035223220257865648,0.0002007687252128906,0.3430950763215466,0.6365333333333333,0.6677185960591132,0.4283179012345679,0.4283179012345679,0.71875,0.5295230263157895,0.558984375,0.322766107300343,,,,,,
False,./data/extract_challenge/filtered.npy,EleutherAI/gpt-neo-1.3B,/nlp/data/riverd/unlearn,soft_unlikelihood,0.1,relu2,0.0,0.25,50.0,0.0001,15000.0,4.0,1.0,1e-07,10.0,False,False,10.0,entity,False,True,1000.0,False,0.0,20.46292018831929,0.08597539652515043,0.03120115100632654,0.016548455217427267,0.9040593436891707,0.9492697307830065,0.6053061773688726,0.5959955117334536,0.4073749535122286,11.348442987383873,0.06372852428200235,0.02308711599466937,0.013167510661842024,0.9290916172343918,0.9619774930601349,0.7877206002645908,0.5795975035405254,0.5138262203723875,0.24717296425534074,0.20463251013322184,0.1520267616362401,0.5868219111424405,0.9287,0.7018165024630543,0.4551697530864197,0.4551697530864197,0.6640625,0.5477384868421052,0.531640625,0.3677961170994611,,,,,,
False,./data/extract_challenge/filtered.npy,EleutherAI/gpt-neo-1.3B,/nlp/data/riverd/unlearn,soft_unlikelihood,0.1,relu2,0.0,0.25,50.0,0.0001,15000.0,4.0,2.0,1e-06,10.0,False,False,10.0,entity,False,True,1000.0,False,0.0,122.06187169559,0.04932481174049903,0.006814511789868958,0.0012111393394477641,0.9362328366247236,0.96483591950026,0.15846635471162476,0.4907722808186951,0.30203051078092386,86.68254631637336,0.03981008966495655,0.004968288580408856,0.0007855414828459097,0.946413888060932,0.968851902367037,0.11965302482044335,0.4892296050174303,0.38226720448203044,0.014039007485038717,0.0019294495361102892,6.93878770713419e-05,0.3404112218916183,0.5672166666666667,0.6546336206896551,0.4050925925925926,0.4050925925925926,0.71875,0.5248355263157894,0.539453125,0.31201769965703086,,,,,,
False,./data/extract_challenge/filtered.npy,EleutherAI/gpt-neo-1.3B,/nlp/data/riverd/unlearn,soft_unlikelihood,0.1,relu2,0.0,0.25,50.0,0.0001,15000.0,4.0,2.0,1e-07,10.0,False,False,10.0,entity,False,True,1000.0,False,0.0,24.219092363549485,0.09314132242136897,0.03924860408853719,0.023604591131819376,0.8969548391425375,0.9413478550848694,0.6667806461268668,0.6005092032132214,0.41035075096233536,12.285783628157995,0.06417286403121979,0.024333013904094824,0.01465057947076681,0.9286757880575879,0.9607956602695757,0.7798050551842385,0.5784469543700199,0.5125338375989063,0.10787076053294711,0.07184386174435388,0.03972772846333727,0.46555262975864653,0.83225,0.701277709359606,0.45401234567901233,0.45401234567901233,0.671875,0.5500822368421052,0.540625,0.36510901518863303,,,,,,
False,./data/extract_challenge/filtered.npy,EleutherAI/gpt-neo-1.3B,/nlp/data/riverd/unlearn,raw_gpt,0.1,relu2,0.0,0.25,50.0,0.0001,15000.0,1.0,2.0,0.0006,5.0,False,False,10.0,entity,False,True,1000.0,False,0.0,17.653504364312933,0.09131769069593995,0.03579060861704905,0.020757079757884635,0.8991551898323824,0.9455661764313587,0.6097264816205517,0.593968983725592,0.41101318770503087,10.38082620697185,0.06489516763132033,0.02378330819033464,0.013825901059357422,0.9280332623775985,0.9614884629914747,0.7519853697286172,0.5786541334661355,0.5186095400757446,0.34435443732759996,0.3088321565708937,0.26001225539467115,0.6622316682181631,0.9531833333333334,0.7028940886699508,0.46095679012345675,0.46095679012345675,0.65625,0.545641447368421,0.53359375,0.37000857422831945,,,,,,
False,./data/extract_challenge/filtered.npy,EleutherAI/gpt-neo-1.3B,/nlp/data/riverd/unlearn,soft_unlikelihood,0.1,relu2,0.0,0.25,50.0,0.0001,15000.0,4.0,3.0,1e-06,10.0,False,False,10.0,entity,False,True,1000.0,False,0.0,106.78300538603028,0.04779483350118321,0.006004442485462145,0.0009678744867848138,0.9389406924523237,0.9680431198386028,0.2636365054207657,0.498236489864335,0.31202922874087075,89.15066035297723,0.03728461401793114,0.004625468739365735,0.0007065455584522465,0.94856594052684,0.9682723712640829,0.15898312489407435,0.4939170928590326,0.386502812817587,0.012373838278034116,0.0015993577301850965,6.26530165611458e-05,0.3372049443001626,0.5183333333333333,0.6519396551724138,0.3993055555555556,0.3993055555555556,0.703125,0.5256167763157895,0.532421875,0.30992773150416464,,,,,,
False,./data/extract_challenge/filtered.npy,EleutherAI/gpt-neo-1.3B,/nlp/data/riverd/unlearn,soft_unlikelihood,0.1,relu2,0.0,0.25,50.0,0.0001,15000.0,4.0,10.0,1e-07,3.0,False,False,10.0,entity,False,True,1000.0,False,0.0,67.43315416076346,0.0867493379845679,0.020709267688353895,0.006667022852733232,0.901660813566343,0.9551210285248569,0.17650558167974084,0.5294748878239688,0.33558601755625483,33.399860742164456,0.06536476659605592,0.014672282694456461,0.004870211611858487,0.9251390325070741,0.9661128997490473,0.2508975368849118,0.5271585168116596,0.43092924939986577,0.10591008695557085,0.07205763849019244,0.041352253395246744,0.4669165396229209,0.7466833333333334,0.6694889162561577,0.43070987654320986,0.43070987654320986,0.703125,0.5266447368421052,0.55703125,0.3259508206761392,,,,,,
False,./data/extract_challenge/filtered.npy,EleutherAI/gpt-neo-1.3B,/nlp/data/riverd/unlearn,soft_unlikelihood,0.1,relu2,0.0,0.25,50.0,0.0001,15000.0,4.0,30.0,1e-07,10.0,False,False,10.0,entity,False,True,1000.0,False,0.0,105.78321944979083,0.04955844381686432,0.006597620045340455,0.0010981283995822348,0.9367231641052464,0.9665317322795084,0.27103114682382146,0.5043151932049874,0.3131920338282303,92.45204841041209,0.03738365483518908,0.004675199860665289,0.0007426047648068026,0.9481638098725109,0.9675745383802944,0.19356265357493532,0.49519570035288535,0.3896136204802535,0.012511580090195006,0.0016358483325170457,6.372046346087868e-05,0.3372491899634867,0.5165833333333333,0.6492456896551724,0.4039351851851852,0.4039351851851852,0.703125,0.5256167763157895,0.5484375,0.30933059774620286,,,,,,
False,./data/extract_challenge/filtered.npy,EleutherAI/gpt-neo-1.3B,/nlp/data/riverd/unlearn,soft_unlikelihood,0.1,relu2,0.0,0.25,50.0,0.0001,15000.0,4.0,3.0,1e-06,3.0,False,False,10.0,entity,False,True,1000.0,False,0.0,51.32089070023785,0.0769663749135554,0.01596200161836457,0.004087200158874211,0.9127231342817469,0.9625541166369495,0.340288502643884,0.5391498790630881,0.3368741159807596,38.87376722974164,0.05366410436322201,0.00986533106532413,0.0024654165158214517,0.9361460903770066,0.9696188765496974,0.38000394275234667,0.5205743189351967,0.41703701718915365,0.10780054462171622,0.07385445844804667,0.042500441630325375,0.4698350696622782,0.7475333333333334,0.6551724137931034,0.4110339506172839,0.4110339506172839,0.7109375,0.5308388157894737,0.553125,0.31480432386085255,,,,,,
False,./data/extract_challenge/filtered.npy,EleutherAI/gpt-neo-1.3B,/nlp/data/riverd/unlearn,soft_unlikelihood,0.1,relu2,0.0,0.25,50.0,0.0001,15000.0,4.0,10.0,1e-06,10.0,False,False,10.0,entity,False,True,1000.0,False,0.0,74.24112484236774,0.05350017324865533,0.007854149288759278,0.0013571794692232332,0.9328337227713811,0.9678480895796663,0.5478299463054603,0.5309857185392487,0.33573915577438684,95.1569742466755,0.036456946727977606,0.004723341719849897,0.0008580687658383154,0.9486994458489795,0.9667918234380324,0.2559691341803423,0.5039333328307862,0.3955421518632749,0.009983671187040806,0.0010760413495588181,5.361432852060152e-05,0.33945242131878234,0.4018833333333333,0.6438577586206896,0.3968364197530864,0.3968364197530864,0.6875,0.5303042763157895,0.54609375,0.30574779519843215,,,,,,
False,./data/extract_challenge/filtered.npy,EleutherAI/gpt-neo-1.3B,/nlp/data/riverd/unlearn,soft_unlikelihood,0.1,relu2,0.0,0.25,50.0,0.0001,15000.0,4.0,30.0,1e-07,3.0,False,False,10.0,entity,False,True,1000.0,False,0.0,55.037336395083564,0.07303043653929979,0.01469844770894048,0.0036341739080001357,0.9166431788901431,0.9638029746228267,0.3818950514250995,0.5421633846038857,0.344692964200281,39.77953274545646,0.05376671567728677,0.010139577704273256,0.002589918860092594,0.9358619189445423,0.969220922619888,0.393132975764661,0.5196736248365912,0.4174194743970884,0.10724974512735083,0.07346684223381118,0.042231264442859406,0.46997439734408786,0.7473333333333333,0.6535560344827587,0.41219135802469137,0.41219135802469137,0.71875,0.5292763157894738,0.553125,0.31410766780989713,,,,,,
False,./data/extract_challenge/filtered.npy,EleutherAI/gpt-neo-1.3B,/nlp/data/riverd/unlearn,soft_unlikelihood,0.1,relu2,0.0,0.25,50.0,0.0001,15000.0,1.0,1.0,1e-07,3.0,False,False,10.0,entity,False,True,1000.0,False,0.0,18.952283508195197,0.08753983149341196,0.03165915025902784,0.016198055330186145,0.9029491841276196,0.9496759332744444,0.5690546308883695,0.5972388062901898,0.41475340494491075,10.56105175168393,0.06502974422534749,0.024048020413211312,0.014227539564135333,0.9278411633480979,0.9611142082210109,0.7851676631537564,0.5785227619794261,0.5152677622771232,0.34435801004644745,0.3088036549788982,0.2600063999758993,0.6629224448855927,0.9531833333333334,0.7028940886699508,0.46095679012345675,0.46095679012345675,0.65625,0.5448601973684211,0.53359375,0.37000857422831945,lora,,,,,
False,./data/extract_challenge/filtered.npy,EleutherAI/gpt-neo-1.3B,/nlp/data/riverd/unlearn,soft_unlikelihood,0.1,relu2,0.0,0.25,50.0,0.0001,15000.0,1.0,1.0,1e-06,3.0,False,False,10.0,entity,False,True,1000.0,False,0.0,19.002965111872925,0.0889848522254422,0.033032004284489894,0.018079675199592155,0.9012372111577018,0.9477844872932144,0.602590169863684,0.601124992035563,0.4136647353722355,10.355493160089255,0.06584891545830641,0.024567620305554393,0.014693713650344496,0.9270985098914635,0.9607421147296877,0.7849799674795881,0.5785019711194286,0.5158822939198268,0.34285424994048963,0.3070438039157354,0.2582375377304183,0.6615175398067843,0.9529,0.7028940886699508,0.4621141975308642,0.4621141975308642,0.65625,0.5440789473684211,0.53359375,0.3699090519353258,lora,,,,,
False,./data/extract_challenge/filtered.npy,EleutherAI/gpt-neo-1.3B,/nlp/data/riverd/unlearn,soft_unlikelihood,0.1,relu2,0.0,0.25,50.0,0.0001,15000.0,4.0,1.0,1e-08,3.0,False,False,10.0,entity,False,True,1000.0,False,0.0,17.706358073412257,0.09628053606377314,0.0388796548402818,0.023293915092549924,0.8953244876756884,0.943457514079654,0.6559979520887007,0.6031446277422169,0.416619694553353,10.687704159813016,0.06506842044332355,0.02415561316102134,0.014388701118832609,0.9276616887694086,0.9607236980057742,0.7932209792267193,0.5782755209630229,0.5151738145723067,0.3423844626828162,0.306510967983822,0.257561453196626,0.6608542118102002,0.9526833333333333,0.7028940886699508,0.4621141975308642,0.4621141975308642,0.65625,0.5448601973684211,0.53359375,0.3698095296423322,ft,,,,,
False,./data/extract_challenge/filtered.npy,EleutherAI/gpt-neo-1.3B,/nlp/data/riverd/unlearn,soft_unlikelihood,0.1,relu2,0.0,0.25,50.0,0.0001,15000.0,1.0,1.0,1e-06,10.0,False,False,10.0,entity,False,True,1000.0,False,0.0,18.626503003490235,0.09101692424445766,0.034701430346023666,0.019797753972163632,0.9003969776554983,0.9472856062129268,0.6249171309272459,0.5932944954712986,0.40758657768845485,10.5299516035341,0.06418299614504816,0.02304760742075603,0.01353366480799539,0.9287304619481217,0.9621929669839485,0.8018192592394172,0.5755092423275647,0.512431221089068,0.3425892495441182,0.306885863418928,0.25804782556973715,0.6614139460104362,0.953,0.7028940886699508,0.4621141975308642,0.4621141975308642,0.65625,0.5440789473684211,0.53359375,0.3699090519353258,lora,,,,,
False,./data/extract_challenge/filtered.npy,EleutherAI/gpt-neo-1.3B,/nlp/data/riverd/unlearn,soft_unlikelihood,0.1,relu2,0.0,0.25,50.0,0.0001,15000.0,1.0,1.0,1e-07,10.0,False,False,10.0,entity,False,True,1000.0,False,0.0,18.62353345339633,0.09228096186364958,0.03690609487849227,0.021975008716715726,0.8991214002672492,0.9450730960566613,0.6759148760387765,0.5955282902926992,0.40854904146507437,10.51848660004388,0.06444371756089469,0.02325124485567445,0.013680992393363414,0.9284517613865988,0.9619516080816176,0.8062882055346852,0.5759834198362799,0.5126779470001385,0.34372973988125566,0.30815690359489617,0.2592887110489604,0.6622022232648529,0.9532,0.7028940886699508,0.46095679012345675,0.46095679012345675,0.65625,0.5448601973684211,0.53359375,0.37000857422831945,lora,,,,,
False,./data/extract_challenge/filtered.npy,EleutherAI/gpt-neo-1.3B,/nlp/data/riverd/unlearn,soft_unlikelihood,0.1,relu2,0.0,0.25,50.0,0.0001,15000.0,1.0,1.0,1e-08,10.0,False,False,10.0,entity,False,True,1000.0,False,0.0,18.522849943936777,0.0929244044183021,0.03746607837368481,0.022471661641917166,0.8984885963813799,0.9445310704470797,0.6260054260970715,0.5949692480836339,0.408515995849798,10.4996783306072,0.06440182136311083,0.023133076279849677,0.013554305950103523,0.9284985877570573,0.9620784491051197,0.7973493850668444,0.5761138794431648,0.5125420098807533,0.3437202951820388,0.308167545815126,0.2592864921520414,0.6621787194990165,0.9531666666666667,0.7028940886699508,0.46095679012345675,0.46095679012345675,0.65625,0.545641447368421,0.53359375,0.37000857422831945,lora,,,,,
False,./data/extract_challenge/filtered.npy,EleutherAI/gpt-neo-1.3B,/nlp/data/riverd/unlearn,soft_unlikelihood,0.1,relu2,0.0,0.25,50.0,0.0001,15000.0,1.0,1.0,1e-08,3.0,False,False,10.0,entity,False,True,1000.0,False,0.0,18.650276456555396,0.0927588479538091,0.03740719018273003,0.022432093723585348,0.8986176758446303,0.9445186456859113,0.6228334743529513,0.594777182623314,0.40852133607447444,10.49861625924641,0.06441940918844569,0.0231462854847601,0.013559128984917793,0.9284806495616559,0.9620644457977632,0.795131939926059,0.5760595921976158,0.5124806943481724,0.3437255625059307,0.30817302511248434,0.2592882139519332,0.662190292770594,0.9531666666666667,0.7028940886699508,0.46095679012345675,0.46095679012345675,0.65625,0.545641447368421,0.53359375,0.37000857422831945,lora,,,,,
False,./data/extract_challenge/filtered.npy,EleutherAI/gpt-neo-1.3B,/nlp/data/riverd/unlearn,soft_unlikelihood,0.1,relu2,0.0,0.25,50.0,0.0001,15000.0,4.0,1.0,1e-08,10.0,False,False,10.0,entity,False,True,1000.0,False,0.0,18.23277253030774,0.09127762405035146,0.0357636933649189,0.021062417971388293,0.8990922579154039,0.945371952945728,0.6366851498871715,0.5997957351665425,0.4134814697230139,10.37372025570913,0.06661901388266961,0.024913289846651827,0.014785608469651454,0.926462657427563,0.9606627792227437,0.7838658049608681,0.5797199993969435,0.5141535401355894,0.34143764288452966,0.30543499654070105,0.2564011564992295,0.6598354992128288,0.9528666666666666,0.7028940886699508,0.46095679012345675,0.46095679012345675,0.65625,0.5448601973684211,0.53359375,0.3698095296423322,ft,,,,,
False,./data/extract_challenge/filtered.npy,EleutherAI/gpt-neo-1.3B,/nlp/data/riverd/unlearn,soft_unlikelihood,0.1,relu2,0.0,0.25,50.0,0.0001,15000.0,1.0,2.0,1e-07,3.0,False,False,10.0,entity,False,True,1000.0,False,0.0,18.847568783468144,0.09316159296638234,0.03673888549658795,0.02163882123244372,0.8979037025025176,0.9445331399672079,0.6211856629473118,0.5963132468191265,0.41149880552204,10.72227343342122,0.06394749979012143,0.02297166706410947,0.013397429755521653,0.9290246046898466,0.9623913441777356,0.7970754862933258,0.5779831722913036,0.5170430707459086,0.34387581125387434,0.3081524594580429,0.25914663452449604,0.662505674925008,0.95315,0.7028940886699508,0.46095679012345675,0.46095679012345675,0.65625,0.5448601973684211,0.53359375,0.37000857422831945,lora,,,,,
False,./data/extract_challenge/filtered.npy,EleutherAI/gpt-neo-1.3B,/nlp/data/riverd/unlearn,soft_unlikelihood,0.1,relu2,0.0,0.25,50.0,0.0001,15000.0,1.0,2.0,1e-06,3.0,False,False,10.0,entity,False,True,1000.0,False,0.0,17.07833849148047,0.09574730945804417,0.03927142264257861,0.02368833502422597,0.8954734030903002,0.9423415825945927,0.7504921727161256,0.5957473123088535,0.4128585859018388,10.514804072067607,0.06604830192654249,0.024609593424342508,0.01453648274302092,0.9270112459550458,0.9609214455640387,0.7956062534902164,0.580478744202876,0.516623480400846,0.340436706537254,0.3045959047868145,0.25568455047454347,0.6598586923372388,0.95195,0.7028940886699508,0.4621141975308642,0.4621141975308642,0.65625,0.5440789473684211,0.531640625,0.3695875183733464,lora,,,,,
False,./data/extract_challenge/filtered.npy,EleutherAI/gpt-neo-1.3B,/nlp/data/riverd/unlearn,soft_unlikelihood,0.1,relu2,0.0,0.25,50.0,0.0001,15000.0,4.0,2.0,1e-08,3.0,False,False,10.0,entity,False,True,1000.0,False,0.0,19.2078160697654,0.0882401288383488,0.034396685668129645,0.020550348942514757,0.9016925055190029,0.9446645469897609,0.6396627741707863,0.5980610961148252,0.41069474909337733,10.804729666708381,0.06527187285641983,0.024272912751967527,0.014441545337948317,0.9275082554125027,0.9607076639755695,0.7937435489139304,0.5786799700611616,0.5160646726909758,0.3394424182670248,0.3032900197041016,0.25373969972708393,0.6581839988051448,0.95195,0.7028940886699508,0.4621141975308642,0.4621141975308642,0.65625,0.545641447368421,0.53359375,0.3696104850563449,ft,,,,,
False,./data/extract_challenge/filtered.npy,EleutherAI/gpt-neo-1.3B,/nlp/data/riverd/unlearn,soft_unlikelihood,0.1,relu2,0.0,0.25,50.0,0.0001,15000.0,1.0,2.0,1e-06,10.0,False,False,10.0,entity,False,True,1000.0,False,0.0,17.1985694996326,0.08934760845508974,0.03450815463457397,0.01988977764111215,0.9022315470911417,0.9478440336149551,0.656435579985156,0.6006007176570342,0.41454299783668336,10.443333174070682,0.0647724214754944,0.024375005496012476,0.014788731150944657,0.9282047273048795,0.9610084338912891,0.7836361082538689,0.5774973835128238,0.5159049346682196,0.3406478929906459,0.3046862053773392,0.25528089858116665,0.6600067388868193,0.9524666666666667,0.703432881773399,0.4621141975308642,0.4621141975308642,0.65625,0.543297697368421,0.53359375,0.36971000734933857,lora,,,,,
False,./data/extract_challenge/filtered.npy,EleutherAI/gpt-neo-1.3B,/nlp/data/riverd/unlearn,soft_unlikelihood,0.1,relu2,0.0,0.25,50.0,0.0001,15000.0,1.0,2.0,1e-07,10.0,False,False,10.0,entity,False,True,1000.0,False,0.0,16.944758380584375,0.0885401499727993,0.03371729066782445,0.01900337601717635,0.9030859480605297,0.9487434103692733,0.6758493142722442,0.5991486246642683,0.41830173649426683,10.366054518214577,0.06592626124684432,0.025306098212840935,0.015693893976887235,0.9269076307048671,0.9600315492211344,0.8081400140274819,0.5779759380446963,0.5159040714868722,0.34373732645874955,0.3080315710703721,0.2589268115265179,0.6623121519344005,0.9531833333333334,0.7028940886699508,0.46095679012345675,0.46095679012345675,0.65625,0.5448601973684211,0.53359375,0.37000857422831945,lora,,,,,
False,./data/extract_challenge/filtered.npy,EleutherAI/gpt-neo-1.3B,/nlp/data/riverd/unlearn,soft_unlikelihood,0.1,relu2,0.0,0.25,50.0,0.0001,15000.0,1.0,2.0,1e-08,10.0,False,False,10.0,entity,False,True,1000.0,False,0.0,16.940031149932775,0.08831042048061298,0.033754618544442,0.01914590669231976,0.9033117924593356,0.9487011894609467,0.7241869714714302,0.5994551023246354,0.41879541008094023,10.341361027115873,0.06609556375813948,0.02546845734428812,0.015847549002445945,0.9267413218802492,0.9598754671666833,0.8052774608925791,0.5780060908708914,0.5156988636221814,0.3437447872609101,0.3080588752019098,0.25899586657725865,0.6624971698598082,0.95315,0.7028940886699508,0.46095679012345675,0.46095679012345675,0.65625,0.545641447368421,0.53359375,0.37000857422831945,lora,,,,,
False,./data/extract_challenge/filtered.npy,EleutherAI/gpt-neo-1.3B,/nlp/data/riverd/unlearn,soft_unlikelihood,0.1,relu2,0.0,0.25,50.0,0.0001,15000.0,1.0,2.0,1e-08,3.0,False,False,10.0,entity,False,True,1000.0,False,0.0,16.94678474038272,0.08852552193838045,0.03401185361689213,0.019398659896667638,0.9031015390780076,0.948454636128258,0.68873303352977,0.599369714370785,0.4190658592575766,10.342849829329609,0.06621912480521747,0.025605591162847486,0.01597443631687524,0.9266173471113005,0.959737600132343,0.7968230991703936,0.577996181776799,0.5157911172825417,0.3437406007350305,0.3080512695862514,0.25898750592686354,0.6625019591443008,0.95315,0.7028940886699508,0.46095679012345675,0.46095679012345675,0.65625,0.545641447368421,0.53359375,0.37000857422831945,lora,,,,,
False,./data/extract_challenge/filtered.npy,EleutherAI/gpt-neo-1.3B,/nlp/data/riverd/unlearn,soft_unlikelihood,0.1,relu2,0.0,0.25,50.0,0.0001,15000.0,4.0,2.0,1e-08,10.0,False,False,10.0,entity,False,True,1000.0,False,0.0,18.079350093523264,0.09127746539920722,0.03510209460574429,0.0201715826787831,0.8991496840666617,0.9461528251145992,0.657289218458138,0.6005098924433422,0.4125598467923841,10.464523782232492,0.06579649260712535,0.02421240049576291,0.01412862736011608,0.927249739469198,0.9612936986995471,0.7906545101214209,0.5798190295458789,0.5132296946536531,0.3382850598847133,0.30197306526201667,0.2526034357970619,0.6570494334499585,0.95195,0.7028940886699508,0.46095679012345675,0.46095679012345675,0.65625,0.5448601973684211,0.53359375,0.36971000734933857,ft,,,,,
False,./data/extract_challenge/filtered.npy,EleutherAI/gpt-neo-1.3B,/nlp/data/riverd/unlearn,soft_unlikelihood,0.1,relu2,0.0,0.25,50.0,0.0001,15000.0,1.0,3.0,1e-07,3.0,False,False,10.0,entity,False,True,1000.0,False,0.0,19.56402855101237,0.09241160728663038,0.035694703467514494,0.02048217728779046,0.8977769687281733,0.9438269537698171,0.6609167841503161,0.6039282058084026,0.41425573859139436,10.397722355550991,0.06488388256674872,0.024142565159907006,0.014489985424091589,0.9282448720914059,0.9615244832245352,0.7950171382416299,0.5808436177166335,0.5168517200112532,0.3447860229644458,0.3091806263620092,0.2603061717265775,0.662793412630974,0.95315,0.7028940886699508,0.46095679012345675,0.46095679012345675,0.65625,0.5440789473684211,0.53359375,0.3699090519353258,lora,,,,,
False,./data/extract_challenge/filtered.npy,EleutherAI/gpt-neo-1.3B,/nlp/data/riverd/unlearn,soft_unlikelihood,0.1,relu2,0.0,0.25,50.0,0.0001,15000.0,1.0,3.0,1e-06,3.0,False,False,10.0,entity,False,True,1000.0,False,0.0,17.920074342630116,0.0962183728004315,0.04077187323911467,0.025502282710285984,0.8945424928505923,0.9399093955002658,0.5507402225698199,0.6022174217769761,0.4111929003083833,10.59306800815596,0.06659530826792648,0.024839449425157797,0.01490507471868912,0.9264155736900112,0.9605953401678999,0.7803255121852581,0.5797909436472859,0.5143042175675301,0.3352467948399067,0.2987531966640392,0.24920238280656745,0.655634912630093,0.9503,0.7028940886699508,0.46095679012345675,0.46095679012345675,0.65625,0.5453947368421053,0.531640625,0.368890862322391,lora,,,,,
False,./data/extract_challenge/filtered.npy,EleutherAI/gpt-neo-1.3B,/nlp/data/riverd/unlearn,soft_unlikelihood,0.1,relu2,0.0,0.25,50.0,0.0001,15000.0,4.0,3.0,1e-08,3.0,False,False,10.0,entity,False,True,1000.0,False,0.0,17.610633044913246,0.09393020088889516,0.03789519894744274,0.02269952370134306,0.896402835663052,0.9431527709408599,0.6816481717108405,0.6001797512154956,0.41568399949286744,10.699353608080049,0.06376299960465562,0.022758639615770744,0.013130431364390991,0.9288119505759023,0.9623047077380001,0.7882001484032917,0.5799130139597859,0.5152004410093465,0.33471263733119416,0.2980844561709999,0.24834093034582627,0.6548793557199571,0.9506333333333333,0.7039716748768473,0.4621141975308642,0.4621141975308642,0.65625,0.5469572368421052,0.531640625,0.36971000734933857,ft,,,,,
False,./data/extract_challenge/filtered.npy,EleutherAI/gpt-neo-1.3B,/nlp/data/riverd/unlearn,soft_unlikelihood,0.1,relu2,0.0,0.25,50.0,0.0001,15000.0,1.0,3.0,1e-06,10.0,False,False,10.0,entity,False,True,1000.0,False,0.0,17.5182183906509,0.09022196691828549,0.03387590117696507,0.018883509338645462,0.9003075286458818,0.9475874567512779,0.6617645506039921,0.5970162998328693,0.4075616871367864,10.687454667639216,0.06492886317559524,0.024210992144491877,0.014563092146627371,0.9279368407712273,0.9609442314689108,0.7790998941889145,0.5787795473379918,0.5132570641659816,0.33724724366428926,0.3010679605585561,0.2516750922959687,0.6563689019099732,0.9516333333333333,0.703432881773399,0.4621141975308642,0.4621141975308642,0.65625,0.5453947368421053,0.53359375,0.36948799608035277,lora,,,,,
False,./data/extract_challenge/filtered.npy,EleutherAI/gpt-neo-1.3B,/nlp/data/riverd/unlearn,soft_unlikelihood,0.1,relu2,0.0,0.25,50.0,0.0001,15000.0,1.0,3.0,1e-07,10.0,False,False,10.0,entity,False,True,1000.0,False,0.0,17.880831496796503,0.08889718529650825,0.032855256187682355,0.0176050477315882,0.9014099007959296,0.9481691508947586,0.6366572383069984,0.5962443238070498,0.4086952449244399,10.534336172211447,0.06514495892555593,0.02402802490684075,0.014191426422062687,0.927744217556255,0.9611689313708172,0.7793320790349033,0.5776725252311068,0.513704105473515,0.3439963192215964,0.30839199129249195,0.2595702628677596,0.662161393607175,0.9531666666666667,0.7028940886699508,0.46095679012345675,0.46095679012345675,0.65625,0.5440789473684211,0.53359375,0.37000857422831945,lora,,,,,
False,./data/extract_challenge/filtered.npy,EleutherAI/gpt-neo-1.3B,/nlp/data/riverd/unlearn,soft_unlikelihood,0.1,relu2,0.0,0.25,50.0,0.0001,15000.0,1.0,3.0,1e-08,10.0,False,False,10.0,entity,False,True,1000.0,False,0.0,18.0952110687818,0.08732013020578422,0.03179035769464664,0.01684832702628788,0.9029393203466188,0.9491462570679426,0.6559896470585419,0.5983089126338026,0.4094869720935354,10.522907336067878,0.06492807046606142,0.02386541760701936,0.013998942147336024,0.9279881670585434,0.9613856691988246,0.7816999325097649,0.5778781237355266,0.5137622317508423,0.3443571314862304,0.3087696189583487,0.25991077518588374,0.6624734675872062,0.95315,0.7028940886699508,0.46095679012345675,0.46095679012345675,0.65625,0.545641447368421,0.53359375,0.37000857422831945,lora,,,,,
False,./data/extract_challenge/filtered.npy,EleutherAI/gpt-neo-1.3B,/nlp/data/riverd/unlearn,soft_unlikelihood,0.1,relu2,0.0,0.25,50.0,0.0001,15000.0,1.0,3.0,1e-08,3.0,False,False,10.0,entity,False,True,1000.0,False,0.0,18.038320391433487,0.08737031841155585,0.03179035769464664,0.01684832702628788,0.9029051787100395,0.9491775928853516,0.6518375927246285,0.5982623130195264,0.40938002745056506,10.533803370189084,0.0649132932805733,0.023845142754392652,0.013985511762948478,0.9279993308467146,0.9613986352436631,0.7822608459431797,0.577840919038689,0.5138296940829141,0.34437038113818835,0.30878503437279603,0.25992807861032896,0.6624898142155803,0.95315,0.7028940886699508,0.46095679012345675,0.46095679012345675,0.65625,0.545641447368421,0.53359375,0.37000857422831945,lora,,,,,
False,./data/extract_challenge/filtered.npy,EleutherAI/gpt-neo-1.3B,/nlp/data/riverd/unlearn,soft_unlikelihood,0.1,relu2,0.0,0.25,50.0,0.0001,15000.0,4.0,3.0,1e-08,10.0,False,False,10.0,entity,False,True,1000.0,False,0.0,18.316540939294743,0.08980011099885377,0.033666625245219635,0.018593288276306255,0.9006551098505237,0.9476495623511322,0.5691462001296308,0.6024568909533798,0.4140456174517815,10.65390953552143,0.06524583116373084,0.023608519599541772,0.013501158752549999,0.9277511579189397,0.9617970004433549,0.781219251311815,0.5801703464462462,0.5136076307774844,0.3334072254190359,0.2965458589333092,0.2466553460946184,0.6533600125985997,0.951,0.703432881773399,0.46095679012345675,0.46095679012345675,0.65625,0.5477384868421052,0.53359375,0.3695875183733464,ft,,,,,
False,./data/extract_challenge/filtered.npy,EleutherAI/gpt-neo-1.3B,/nlp/data/riverd/unlearn,soft_unlikelihood,0.1,relu2,0.0,0.25,50.0,0.0001,15000.0,1.0,10.0,1e-07,3.0,False,False,10.0,entity,False,True,1000.0,False,0.0,17.519614987962765,0.09552892117001038,0.03990096068238823,0.02449334334365078,0.8947490167191648,0.9410432110305474,0.6430787048177546,0.6019281748696282,0.4171514831357162,10.449470369905313,0.06532844050645406,0.02376298789224296,0.013947167482759981,0.9276546280123497,0.9616131717702724,0.8091028849344553,0.5770981625256786,0.5160026209274923,0.34290112528061145,0.30714004201909995,0.2583250939386468,0.6618157058641392,0.9528666666666666,0.7028940886699508,0.4621141975308642,0.4621141975308642,0.65625,0.5440789473684211,0.53359375,0.3699090519353258,lora,,,,,
False,./data/extract_challenge/filtered.npy,EleutherAI/gpt-neo-1.3B,/nlp/data/riverd/unlearn,soft_unlikelihood,0.1,relu2,0.0,0.25,50.0,0.0001,15000.0,1.0,10.0,1e-06,3.0,False,False,10.0,entity,False,True,1000.0,False,0.0,18.64878972719618,0.09277636289007768,0.03668611026931218,0.021708636291737273,0.8984019192413867,0.9460912683106859,0.6231678365486375,0.6089393299825517,0.4168941821538407,11.125870408899821,0.06699192110093054,0.024435481734786522,0.014118482417497732,0.9256958498609922,0.9603326259125504,0.7879501966697048,0.5803316275911977,0.5148175072409138,0.21769104811330015,0.1753196859689584,0.1254558140624486,0.5727946505935629,0.8866166666666667,0.7007389162561577,0.45632716049382716,0.45632716049382716,0.671875,0.5508634868421052,0.531640625,0.3665023272905439,lora,,,,,
False,./data/extract_challenge/filtered.npy,EleutherAI/gpt-neo-1.3B,/nlp/data/riverd/unlearn,soft_unlikelihood,0.1,relu2,0.0,0.25,50.0,0.0001,15000.0,1.0,10.0,1e-06,10.0,False,False,10.0,entity,False,True,1000.0,False,0.0,17.937940459815223,0.1005376060065533,0.04176211261815388,0.0250854021633058,0.8904739311852996,0.9406416190412801,0.6400603390036547,0.6051749848063049,0.4183164200519996,10.97577613378134,0.06649223397564857,0.024356111521407594,0.014430866548343442,0.9262105905313386,0.9604477218860324,0.7678041959876358,0.5771773744864293,0.5126980074070973,0.2268198334806122,0.18237667326275286,0.12959566718302407,0.5739733547219774,0.91785,0.7002001231527094,0.45162037037037034,0.45162037037037034,0.65625,0.5485197368421052,0.5296875,0.3663032827045566,lora,,,,,
False,./data/extract_challenge/filtered.npy,EleutherAI/gpt-neo-1.3B,/nlp/data/riverd/unlearn,soft_unlikelihood,0.1,relu2,0.0,0.25,50.0,0.0001,15000.0,1.0,10.0,1e-07,10.0,False,False,10.0,entity,False,True,1000.0,False,0.0,17.84451946969492,0.09460283816548744,0.03907963953527569,0.023754929858038957,0.8956083456528292,0.9417290027916545,0.628825167173281,0.6035106855174679,0.4159862826060658,10.475929967004959,0.06499153697187215,0.02366704722701982,0.013873311348837201,0.9279852662906738,0.9616991345406354,0.8107191171314072,0.5773477136376369,0.5163409511555929,0.34261808899543533,0.3069186987915323,0.2581135590763957,0.6614589592685302,0.9529666666666666,0.7028940886699508,0.4621141975308642,0.4621141975308642,0.65625,0.5440789473684211,0.53359375,0.3699090519353258,lora,,,,,
False,./data/extract_challenge/filtered.npy,EleutherAI/gpt-neo-1.3B,/nlp/data/riverd/unlearn,soft_unlikelihood,0.1,relu2,0.0,0.25,50.0,0.0001,15000.0,1.0,10.0,1e-08,10.0,False,False,10.0,entity,False,True,1000.0,False,0.0,17.79621811701337,0.09410532493119199,0.03884851265826372,0.023329607687463817,0.8962478270456744,0.9422516432963693,0.6008974046122517,0.6034809337505881,0.41775961162538794,10.493797439266729,0.06436126120305526,0.023253328521532984,0.01362327872123256,0.9286048023215709,0.9620941170673989,0.8181312098079159,0.5761352782230453,0.5161590086281359,0.34349267077151924,0.30785134738312847,0.25919428354202784,0.6624695810305808,0.9532,0.7028940886699508,0.46095679012345675,0.46095679012345675,0.65625,0.5448601973684211,0.53359375,0.37000857422831945,lora,,,,,
False,./data/extract_challenge/filtered.npy,EleutherAI/gpt-neo-1.3B,/nlp/data/riverd/unlearn,soft_unlikelihood,0.1,relu2,0.0,0.25,50.0,0.0001,15000.0,4.0,10.0,1e-08,3.0,False,False,10.0,entity,False,True,1000.0,False,0.0,18.566461797895492,0.09063697781496874,0.03451187424748338,0.0192169814168116,0.8997204681291054,0.946608042021746,0.649046901381462,0.5992577910572852,0.41294481730324634,11.13652417790638,0.0649458692785848,0.023735154106946956,0.013696792413810664,0.9278719709107311,0.9613159795398127,0.7783565906126974,0.5816458287941982,0.5142043502709135,0.27817817799706723,0.23769350056127578,0.1858156665422587,0.6127801550586397,0.93,0.7023552955665026,0.45748456790123454,0.45748456790123454,0.65625,0.5493009868421053,0.531640625,0.3678956393924547,ft,,,,,
False,./data/extract_challenge/filtered.npy,EleutherAI/gpt-neo-1.3B,/nlp/data/riverd/unlearn,soft_unlikelihood,0.1,relu2,0.0,0.25,50.0,0.0001,15000.0,1.0,10.0,1e-08,3.0,False,False,10.0,entity,False,True,1000.0,False,0.0,17.787707930780265,0.0941866410950354,0.03886159503939716,0.023399047399667677,0.8961647317008412,0.9422337101015239,0.6319858258486567,0.6035510054795327,0.4177923365572054,10.482127101477934,0.06420238670781678,0.023140054302549624,0.013520817981689729,0.9287611786990752,0.9622031232582313,0.8136044054610814,0.5759858515158117,0.5161631362126821,0.3434630163213214,0.3078203173271453,0.2591690510249258,0.6624861966632539,0.9532166666666667,0.7028940886699508,0.46095679012345675,0.46095679012345675,0.65625,0.5448601973684211,0.53359375,0.37000857422831945,lora,,,,,
False,./data/extract_challenge/filtered.npy,EleutherAI/gpt-neo-1.3B,/nlp/data/riverd/unlearn,soft_unlikelihood,0.1,relu2,0.0,0.25,50.0,0.0001,15000.0,4.0,10.0,1e-08,10.0,False,False,10.0,entity,False,True,1000.0,False,0.0,19.998460455525088,0.08966185460391309,0.03441055578018203,0.019149784995254607,0.9004183985510016,0.9461442988380868,0.5916945426864386,0.597213381356846,0.41066161830123127,11.22679519474576,0.06443232669226454,0.023595471852776155,0.013513232930940105,0.9284705695553686,0.9616300546556624,0.7799525565694504,0.5809624052617655,0.5146808705377982,0.25986185236061654,0.2176707793769269,0.16469050156671328,0.5972883918346293,0.9325333333333333,0.701277709359606,0.45632716049382716,0.45632716049382716,0.65625,0.5477384868421052,0.531640625,0.3679951616854483,ft,,,,,
False,./data/extract_challenge/filtered.npy,EleutherAI/gpt-neo-1.3B,/nlp/data/riverd/unlearn,soft_unlikelihood,0.1,relu2,0.0,0.25,50.0,0.0001,15000.0,1.0,1.0,1e-05,3.0,False,False,10.0,entity,False,True,1000.0,False,0.0,20.9857925445433,0.09811283160851161,0.03849325783648958,0.02188800522160813,0.8924321851803045,0.9429437522659828,0.6609645787291644,0.6030274969122491,0.4164425141366206,10.891082296960025,0.06689740221490802,0.024235901146480027,0.013893754530456005,0.9260933453712074,0.961142543575893,0.7906418198701182,0.580503729710066,0.5129875444675623,0.214790629093827,0.17269602029193493,0.12329480702065557,0.5700524983280416,0.8811833333333333,0.7007389162561577,0.45401234567901233,0.45401234567901233,0.671875,0.5516447368421052,0.53359375,0.3666018495835375,lora,,,,,
False,./data/extract_challenge/filtered.npy,EleutherAI/gpt-neo-1.3B,/nlp/data/riverd/unlearn,soft_unlikelihood,0.1,relu2,0.0,0.25,50.0,0.0001,15000.0,1.0,2.0,0.0001,10.0,False,False,10.0,entity,False,True,1000.0,False,0.0,113.45716702479018,0.0480193358683283,0.006747185297726819,0.0013793752443310703,0.9370237161506519,0.9651180765844467,0.24362240857061906,0.4848823882405701,0.305543907529498,83.23474783516113,0.03758743798435775,0.005306186144799861,0.0009942833120539392,0.948017961946314,0.9678174183529087,0.22507679189603955,0.48386106453093874,0.38405607848516776,0.014510216240216955,0.00210430982869382,6.723041667609423e-05,0.33643282304812844,0.5733333333333334,0.6567887931034483,0.40632716049382717,0.40632716049382717,0.71875,0.5144325657894737,0.551953125,0.30704158500734935,lora,,,,,
False,./data/extract_challenge/filtered.npy,EleutherAI/gpt-neo-1.3B,/nlp/data/riverd/unlearn,soft_unlikelihood,0.1,relu2,0.0,0.25,50.0,0.0001,15000.0,1.0,10.0,1e-05,10.0,False,False,10.0,entity,False,True,1000.0,False,0.0,145.38024344118568,0.04747795526789942,0.007606745759244428,0.0015882933875485223,0.9337238356874316,0.9577136750724724,0.15126688591569976,0.474632808824106,0.2928765302809093,64.46112398977692,0.03944882928984208,0.005773601025421917,0.0011922031358557173,0.9473922479618287,0.9690763690036451,0.2124947291622602,0.4789266700288689,0.37648403624154303,0.016440095515362452,0.0024102389963792034,0.00010842565569068479,0.33881907820346535,0.6113833333333333,0.6605603448275862,0.4052469135802469,0.4052469135802469,0.734375,0.5185855263157895,0.5640625,0.307141107300343,lora,,,,,
False,./data/extract_challenge/filtered.npy,EleutherAI/gpt-neo-1.3B,/nlp/data/riverd/unlearn,soft_unlikelihood,0.1,relu2,0.0,0.25,50.0,0.0001,15000.0,1.0,30.0,1e-05,3.0,False,False,10.0,entity,False,True,1000.0,False,0.0,45.653023369177504,0.07445000421220993,0.01656416604640244,0.005050031437360257,0.9154749628908637,0.9624115490156494,0.5072269601771315,0.5452314159053482,0.34009405377424945,43.00724492578353,0.0520001360503236,0.010207987179059897,0.003030976788773504,0.937428978670703,0.9685179319478486,0.40625560056204235,0.5156005616207047,0.4153700196381335,0.10451322511915484,0.07062252572191836,0.039633516089918615,0.46787301797173764,0.7415833333333334,0.6508620689655172,0.40046296296296297,0.40046296296296297,0.7109375,0.5316200657894737,0.569921875,0.30654397354238117,lora,,,,,
False,./data/extract_challenge/filtered.npy,EleutherAI/gpt-neo-1.3B,/nlp/data/riverd/unlearn,soft_unlikelihood,0.1,relu2,0.0,0.25,50.0,0.0001,15000.0,1.0,30.0,1e-07,3.0,False,False,10.0,entity,False,True,1000.0,False,0.0,17.56016477910361,0.09223548688794332,0.03730109559700023,0.022656234514418054,0.8986805621191358,0.9437207671452039,0.6166619482148784,0.5987473012811716,0.4177660875506185,10.65316344310699,0.06373920767927979,0.023982311287561023,0.014335006278488658,0.9288682901818685,0.9611614524992872,0.813826022884028,0.5794331220041709,0.5176814496635452,0.33826388661890616,0.3020003807415739,0.2526254932903225,0.6579741403952862,0.9515,0.7028940886699508,0.4621141975308642,0.4621141975308642,0.65625,0.5453947368421053,0.53359375,0.36948799608035277,lora,,,,,
False,./data/extract_challenge/filtered.npy,EleutherAI/gpt-neo-1.3B,/nlp/data/riverd/unlearn,soft_unlikelihood,0.1,relu2,0.0,0.25,50.0,0.0001,15000.0,1.0,30.0,1e-06,3.0,False,False,10.0,entity,False,True,1000.0,False,0.0,39.094264384831256,0.10741857961779083,0.03965962071356286,0.020845077233419093,0.8809750653640669,0.9360825736413574,0.44096358327318097,0.5780404161479572,0.38141521877624385,18.581144836801514,0.07932078751535966,0.027772589801221593,0.014872974784204528,0.9121207167695187,0.954370729517512,0.5954396491536912,0.5700682377910234,0.4760849001832247,0.09600567423594564,0.05933520026841145,0.028914696482667094,0.4577121329674342,0.7276333333333334,0.6863454433497537,0.4354166666666667,0.4354166666666667,0.6640625,0.5409950657894738,0.562109375,0.3428160215580598,lora,,,,,
False,./data/extract_challenge/filtered.npy,EleutherAI/gpt-neo-1.3B,/nlp/data/riverd/unlearn,soft_unlikelihood,0.1,relu2,0.0,0.25,50.0,0.0001,15000.0,1.0,30.0,1e-06,10.0,False,False,10.0,entity,False,True,1000.0,False,0.0,90.72676068039247,0.11803593979792107,0.04188902789270055,0.02002968359049513,0.8651194238178057,0.9255746475509716,0.10765238697806408,0.5340391228459261,0.3383493461602904,39.85978430225158,0.09784677660734523,0.03451105434133494,0.017414859183828423,0.8911362944826787,0.9437098179514395,0.15574842076439116,0.5287341843563247,0.4173288812154238,0.03841288451460802,0.01457331701527237,0.004653032251120307,0.36457283577485167,0.5899666666666666,0.6743380541871922,0.42029320987654323,0.42029320987654323,0.734375,0.5363075657894737,0.571875,0.31818808182263597,lora,,,,,
False,./data/extract_challenge/filtered.npy,EleutherAI/gpt-neo-1.3B,/nlp/data/riverd/unlearn,soft_unlikelihood,0.1,relu2,0.0,0.25,50.0,0.0001,15000.0,1.0,30.0,1e-07,10.0,False,False,10.0,entity,False,True,1000.0,False,0.0,17.46244569542612,0.09129975706856357,0.036223517149748266,0.021913155212666437,0.8996504808074398,0.9448817317047877,0.6957771779776365,0.5990819607953655,0.41763494436604576,10.682216677148988,0.06376000864688472,0.023760667907227567,0.014102085546279541,0.9287269372216168,0.9611353594409084,0.7869065528092223,0.579291415879451,0.5174249299202185,0.3377190834007515,0.30143071065009686,0.2521365844374023,0.6567930468916272,0.9518833333333333,0.703432881773399,0.4621141975308642,0.4621141975308642,0.65625,0.5453947368421053,0.53359375,0.3692889514943655,lora,,,,,
False,./data/extract_challenge/filtered.npy,EleutherAI/gpt-neo-1.3B,/nlp/data/riverd/unlearn,soft_unlikelihood,0.1,relu2,0.0,0.25,50.0,0.0001,15000.0,1.0,30.0,1e-08,10.0,False,False,10.0,entity,False,True,1000.0,False,0.0,17.566465394301517,0.08996099911943413,0.03485062029971585,0.02050058813805029,0.9007289620344019,0.9457258563176099,0.6425883433610552,0.6009269149569675,0.4150251653080472,10.62427189846366,0.06335629826416929,0.023333147847907916,0.01359378918569498,0.9292400868532293,0.9617841259040857,0.8081629602418661,0.5802480993992779,0.5169402245138549,0.34330373732455366,0.3075753030588638,0.2587963620899751,0.6605863394760527,0.9531666666666667,0.7028940886699508,0.46095679012345675,0.46095679012345675,0.65625,0.5448601973684211,0.53359375,0.37000857422831945,lora,,,,,
False,./data/extract_challenge/filtered.npy,EleutherAI/gpt-neo-1.3B,/nlp/data/riverd/unlearn,soft_unlikelihood,0.1,relu2,0.0,0.25,50.0,0.0001,15000.0,1.0,2.0,1e-05,3.0,False,False,10.0,entity,False,True,1000.0,False,0.0,22.415968782247624,0.10744694577806022,0.04331748839318523,0.024672733194096366,0.8839022806896667,0.938429964334086,0.6467084436667778,0.611851556986159,0.40904731037027414,12.732222134028172,0.07802372231842644,0.031149767021812966,0.019028366375780828,0.9147814510245437,0.9537949421717337,0.7298895097478699,0.5845396490211031,0.5013432894106138,0.09227715198223553,0.054308588695915226,0.02380610474286337,0.46862897922304303,0.7277833333333333,0.6910406403940887,0.44243827160493826,0.44243827160493826,0.6640625,0.5428042763157894,0.5453125,0.35864006614404703,lora,,,,,
False,./data/extract_challenge/filtered.npy,EleutherAI/gpt-neo-1.3B,/nlp/data/riverd/unlearn,soft_unlikelihood,0.1,relu2,0.0,0.25,50.0,0.0001,15000.0,1.0,30.0,1e-08,3.0,False,False,10.0,entity,False,True,1000.0,False,0.0,17.82461482092923,0.08997341221485354,0.035205971465380785,0.020729962319659723,0.9006510906477082,0.9452409296857586,0.6455077466079848,0.5995503309529878,0.4137101888556122,10.623031899255011,0.06342276497648389,0.023455775971863487,0.013724974244082854,0.9291756820124569,0.9616665559365265,0.8152519746524931,0.5799730764442231,0.5166755571126088,0.34332131664451665,0.30755669057540364,0.25876351582294016,0.6606646439481526,0.9531833333333334,0.7028940886699508,0.46095679012345675,0.46095679012345675,0.65625,0.5440789473684211,0.53359375,0.3699090519353258,lora,,,,,
False,./data/extract_challenge/filtered.npy,EleutherAI/gpt-neo-1.3B,/nlp/data/riverd/unlearn,soft_unlikelihood,0.1,relu2,0.0,0.25,50.0,0.0001,15000.0,1.0,3.0,0.0001,10.0,False,False,10.0,entity,False,True,1000.0,False,0.0,118.29227658218161,0.04886029779051898,0.0068330193323180985,0.00134457546858523,0.9354950552092537,0.9624056956596136,0.3274514759339012,0.4951571628470044,0.30786139808987806,91.20517291544782,0.03615241947935123,0.005027802576514974,0.0009599625190083788,0.948509615253361,0.9671858257170781,0.2040154509517183,0.48869147433702687,0.38352926316915964,0.014035302780534973,0.002029107921202191,8.66360501760502e-05,0.3388300852922567,0.5369,0.6567887931034483,0.4016975308641975,0.4016975308641975,0.703125,0.5238075657894737,0.555859375,0.3045535276825086,lora,,,,,
False,./data/extract_challenge/filtered.npy,EleutherAI/gpt-neo-1.3B,/nlp/data/riverd/unlearn,soft_unlikelihood,0.1,relu2,0.0,0.25,50.0,0.0001,15000.0,1.0,10.0,1e-05,10.0,False,False,10.0,entity,False,True,1000.0,False,0.0,125.03620261953527,0.04972964127443206,0.007340948250203918,0.001443454439636021,0.9320892080547051,0.9629422763298445,0.23813052117156414,0.47078311398457107,0.2872326082095429,65.36119427260961,0.03935117599146804,0.005539079996293855,0.0010764414564758842,0.9482173597596014,0.9693057698454749,0.1984778185298226,0.48091016062702313,0.38121164898133925,0.016494534251636057,0.0024758233303059955,8.724408465574737e-05,0.3379930117525898,0.6113833333333333,0.6605603448275862,0.4052469135802469,0.4052469135802469,0.734375,0.5185855263157895,0.5640625,0.307141107300343,lora,,,,,
False,./data/extract_challenge/filtered.npy,EleutherAI/gpt-neo-1.3B,/nlp/data/riverd/unlearn,soft_unlikelihood,0.1,relu2,0.0,0.25,50.0,0.0001,15000.0,4.0,10.0,1e-08,10.0,False,False,10.0,entity,False,True,1000.0,False,0.0,19.596808261670756,0.09109802376578793,0.035414364580806566,0.019946090027533746,0.899419433563851,0.9447925321380484,0.5865452386843462,0.608076337290229,0.41622062041944213,11.241218835361808,0.06466452926654565,0.024472280689398586,0.014763251111392144,0.9280222631691611,0.960570146970968,0.780028906371637,0.5791546339057831,0.5136356432792318,0.2607795284463146,0.21842712866692096,0.16476049581773888,0.5974137281637173,0.9325333333333333,0.701277709359606,0.45632716049382716,0.45632716049382716,0.65625,0.5477384868421052,0.531640625,0.3679951616854483,ft,,,,,
False,./data/extract_challenge/filtered.npy,EleutherAI/gpt-neo-1.3B,/nlp/data/riverd/unlearn,soft_unlikelihood,0.1,relu2,0.0,0.25,50.0,0.0001,15000.0,4.0,10.0,1e-08,3.0,False,False,10.0,entity,False,True,1000.0,False,0.0,20.533186086102614,0.08699096122968947,0.03277956405347573,0.018723682287608533,0.9028130232659545,0.9472673362757682,0.6842889150260185,0.6027131313960555,0.4149742521803681,11.336439657921126,0.06434507542437316,0.023624816439039322,0.01386770744054834,0.9284564530210601,0.9614054348860347,0.7695446171770405,0.5793216902896228,0.5177409609207378,0.2775683444192515,0.23713171940542915,0.18541944646242972,0.6126464583631411,0.93,0.7023552955665026,0.45748456790123454,0.45748456790123454,0.65625,0.5493009868421053,0.531640625,0.3678956393924547,ft,,,,,
False,./data/extract_challenge/filtered.npy,EleutherAI/gpt-neo-1.3B,/nlp/data/riverd/unlearn,soft_unlikelihood,0.1,relu2,0.0,0.25,50.0,0.0001,15000.0,1.0,10.0,1e-05,3.0,False,False,10.0,entity,False,True,1000.0,False,0.0,58.33992453602149,0.08343500908845741,0.02030480326710064,0.006537819467636878,0.9038332911189966,0.9544570504792004,0.30823236301999923,0.5173161026824223,0.33052937004018756,30.73326114491947,0.05934147377701048,0.012940772329340246,0.004578873506697422,0.9311984298966383,0.9679675352732656,0.39713132745574786,0.5062006612222983,0.40968849855884204,0.1021083810445099,0.0689361283024282,0.03855869730078238,0.464157289095774,0.7386833333333334,0.6577894088669951,0.4122685185185185,0.4122685185185185,0.71875,0.5217105263157895,0.569921875,0.31560050220480157,lora,,,,,
False,./data/extract_challenge/filtered.npy,EleutherAI/gpt-neo-1.3B,/nlp/data/riverd/unlearn,soft_unlikelihood,0.1,relu2,0.0,0.25,50.0,0.0001,15000.0,1.0,10.0,0.0001,3.0,False,False,10.0,entity,False,True,1000.0,False,0.0,50.9215083602693,0.06979852929670133,0.014946781493931286,0.004108468995532134,0.9186700296425739,0.9624181610658955,0.569434783617554,0.5511757959535759,0.34732058227595075,49.36025793049251,0.04809018363483665,0.008730963678891163,0.0023138976498560697,0.9398758665445777,0.9678284538984119,0.4176049550228558,0.5267115133217132,0.42206729757107897,0.1042103682667753,0.07026903238922491,0.038828164401886106,0.46478573336618334,0.7382833333333333,0.6430880541871922,0.39459876543209876,0.39459876543209876,0.6953125,0.5331825657894738,0.571875,0.30385687163155317,lora,,,,,
False,./data/extract_challenge/filtered.npy,EleutherAI/gpt-neo-1.3B,/nlp/data/riverd/unlearn,soft_unlikelihood,0.1,relu2,0.0,0.25,50.0,0.0001,15000.0,1.0,10.0,0.0001,10.0,False,False,10.0,entity,False,True,1000.0,False,0.0,85.79913531860763,0.05078251651960089,0.007056073193850561,0.0012244868208451055,0.9358940287605315,0.9680887969566939,0.48313599489228237,0.5256444148466907,0.330236509727452,88.53469834003968,0.034631842913519055,0.004332682272098042,0.000730301632038028,0.9516818117574815,0.9695059983927029,0.25206973538447797,0.49968524948059323,0.39373593413283997,0.011876788183354347,0.0013344420467563429,5.206315762412494e-05,0.344683447349834,0.45968333333333333,0.6384698275862069,0.4027006172839506,0.4027006172839506,0.6953125,0.5245888157894737,0.5765625,0.3019659480646742,lora,,,,,
False,./data/extract_challenge/filtered.npy,EleutherAI/gpt-neo-1.3B,/nlp/data/riverd/unlearn,soft_unlikelihood,0.1,relu2,0.0,0.25,50.0,0.0001,15000.0,1.0,30.0,1e-05,10.0,False,False,10.0,entity,False,True,1000.0,False,0.0,108.55542172076886,0.05023968210718837,0.007167827791091074,0.0013594930051467847,0.9359751702775957,0.9657885526854196,0.34830516545053924,0.49412293476023367,0.31133466489949596,95.39124500327517,0.036983991153002244,0.005220411437893372,0.0009999794363142961,0.948067844390494,0.9675144634355738,0.2087693637787092,0.48903826223426605,0.383117130254066,0.013762450419719519,0.0018132216086386224,7.017300455160286e-05,0.3385786168819992,0.5228833333333334,0.6508620689655172,0.40625,0.40625,0.703125,0.5183388157894737,0.559765625,0.303359260166585,lora,,,,,
False,./data/extract_challenge/filtered.npy,EleutherAI/gpt-neo-1.3B,/nlp/data/riverd/unlearn,soft_unlikelihood,0.1,relu2,0.0,0.25,50.0,0.0001,15000.0,4.0,30.0,1e-08,10.0,False,False,10.0,entity,False,True,1000.0,False,0.0,28.581460998772997,0.08814449768046034,0.032104272221833347,0.01606454639101281,0.9017014116205752,0.9467409680929827,0.6330117617785078,0.5940570903093633,0.40950797221984436,15.33064891010801,0.061963951205916044,0.02257615430209889,0.013195646766318613,0.9299001335529199,0.9608401153427395,0.7335419367528252,0.5758010438713894,0.5054525593899801,0.06997535408172639,0.03865455204459509,0.01580414755475025,0.41940912428906496,0.7774166666666666,0.6980449507389163,0.44814814814814813,0.44814814814814813,0.671875,0.5547697368421052,0.539453125,0.36122764576188143,ft,,,,,
False,./data/extract_challenge/filtered.npy,EleutherAI/gpt-neo-1.3B,/nlp/data/riverd/unlearn,soft_unlikelihood,0.1,relu2,0.0,0.25,50.0,0.0001,15000.0,4.0,30.0,1e-08,3.0,False,False,10.0,entity,False,True,1000.0,False,0.0,23.747812801547997,0.09350445483709459,0.03505765354148882,0.019059439950745206,0.8970912168844786,0.9453060755905428,0.6133917619698876,0.598030272212202,0.40617578557530043,13.313799394656577,0.06730445562042174,0.02438922592174666,0.013880341500695692,0.9252817369474586,0.9601762782393078,0.7605906094093524,0.5797959285903262,0.5088047947884403,0.1115249009448531,0.07435292778029066,0.039863790653938184,0.4791324367322532,0.7947666666666666,0.6980449507389163,0.4447530864197531,0.4447530864197531,0.6640625,0.5532072368421053,0.535546875,0.3621233463988241,ft,,,,,
False,./data/extract_challenge/filtered.npy,EleutherAI/gpt-neo-1.3B,/nlp/data/riverd/unlearn,soft_unlikelihood,0.1,relu2,0.0,0.25,50.0,0.0001,15000.0,1.0,30.0,1e-05,3.0,False,False,10.0,entity,False,True,1000.0,False,0.0,50.65227045880263,0.07463901607919932,0.016369863802701553,0.004845326430795885,0.9144511795925818,0.9609357817680494,0.461935792645883,0.5360730026417425,0.3364276249099574,39.898263187964496,0.05248962731601974,0.010413463541689835,0.003037891486097804,0.9373088386322831,0.9690585944398085,0.4279822935345694,0.516664239039934,0.4131885523953293,0.10440445343966137,0.07051640700506331,0.0393876457710029,0.468424328483874,0.7415833333333334,0.6508620689655172,0.40046296296296297,0.40046296296296297,0.7109375,0.5316200657894737,0.569921875,0.30654397354238117,lora,,,,,
False,./data/extract_challenge/filtered.npy,EleutherAI/gpt-neo-1.3B,/nlp/data/riverd/unlearn,soft_unlikelihood,0.1,relu2,0.0,0.25,50.0,0.0001,15000.0,1.0,30.0,0.0001,3.0,False,False,10.0,entity,False,True,1000.0,False,0.0,49.18788343040054,0.06820401510730843,0.014070313601660155,0.0036705429726464987,0.9202489096814,0.9620429333595766,0.6022950800694982,0.5612783013203811,0.35331250588705243,45.89011290506245,0.0486085962395562,0.008752833773531098,0.0023000578424488983,0.9407861325012548,0.9701886343501297,0.4350951116450026,0.5307104711038658,0.42198840193417986,0.1016826926740374,0.06836516554587012,0.038070831544713184,0.4657856918104847,0.7256333333333334,0.6364685960591132,0.383179012345679,0.383179012345679,0.6796875,0.5316200657894737,0.56796875,0.30027406908378246,lora,,,,,
False,./data/extract_challenge/filtered.npy,EleutherAI/gpt-neo-1.3B,/nlp/data/riverd/unlearn,soft_unlikelihood,0.1,relu2,0.0,0.25,50.0,0.0001,15000.0,1.0,30.0,0.0001,10.0,False,False,10.0,entity,False,True,1000.0,False,0.0,68.8015369571802,0.05435788994134617,0.008038208228835107,0.0012674198501871471,0.9340281671112939,0.9692699010043382,0.6322284625036885,0.537890540760763,0.3354241765878973,87.5332023914645,0.037607201258884594,0.005080892834664099,0.0009802005567245867,0.9489296200692783,0.9686743035094427,0.2807772922951951,0.5079420477270605,0.3964457357991292,0.010354970548159727,0.0011437740315630733,4.065061096099106e-05,0.3463516525323231,0.3863,0.6325431034482759,0.38773148148148145,0.38773148148148145,0.6875,0.5277138157894737,0.56484375,0.2988807569818716,lora,,,,,
False,./data/extract_challenge/filtered.npy,EleutherAI/gpt-neo-1.3B,/nlp/data/riverd/unlearn,soft_unlikelihood,0.1,relu2,0.0,0.25,50.0,0.0001,15000.0,4.0,30.0,1e-08,3.0,False,False,10.0,entity,False,True,1000.0,False,0.0,24.87360989734222,0.09571071789313186,0.037495580564603385,0.0207403108421666,0.8929144505902662,0.9425773573009363,0.6206405994951802,0.5945917031397036,0.4076807541840498,12.685446177156436,0.06721331414858399,0.023858824865371248,0.013197803449076253,0.9253991806127644,0.961005422495147,0.7720543253752798,0.5794484415852216,0.5087019531819246,0.11128096898000601,0.07413165644766308,0.03981229756091936,0.47934888894239364,0.7947666666666666,0.6980449507389163,0.4447530864197531,0.4447530864197531,0.6640625,0.5532072368421053,0.535546875,0.3621233463988241,ft,,,,,
False,./data/extract_challenge/filtered.npy,EleutherAI/gpt-neo-1.3B,/nlp/data/riverd/unlearn,soft_unlikelihood,0.1,relu2,0.0,0.25,50.0,0.0001,15000.0,1.0,1.0,5e-06,3.0,False,False,10.0,entity,False,True,1000.0,False,0.0,18.885169155607795,0.08895621497692499,0.033058132585431506,0.01839214398543788,0.9023230436576182,0.9486686221988171,0.6899442150919803,0.5993695229179736,0.41319035054879777,10.460046179633759,0.0649444820841377,0.0232347878818402,0.01366323640870901,0.9280686726143546,0.9621998928368638,0.7971863167793758,0.5781941812826817,0.5137896162958211,0.31686969161569517,0.2788228796076113,0.22799706520537327,0.6423021087858283,0.9442666666666667,0.7023552955665026,0.458641975308642,0.458641975308642,0.65625,0.5477384868421052,0.531640625,0.36819420627143556,lora,8.0,16.0,,,
False,./data/extract_challenge/filtered.npy,EleutherAI/gpt-neo-1.3B,/nlp/data/riverd/unlearn,soft_unlikelihood,0.1,relu2,0.0,0.25,50.0,0.0001,15000.0,1.0,20.0,5e-06,10.0,False,False,10.0,entity,False,True,1000.0,False,0.0,122.72046416215827,0.04930678335516228,0.008046293776849914,0.0016342861178040913,0.9347436736081398,0.9605608890745116,0.23857360729582106,0.4815946839833948,0.2971166051518747,68.54753117712957,0.038449728920516325,0.0054848162642632545,0.0010752536518010601,0.9478992511851345,0.967916775375657,0.1982037340644755,0.48297623714127863,0.38221514430309855,0.015863446308397703,0.0022997432757177836,6.695538274089659e-05,0.33870707183915655,0.60725,0.65625,0.3970679012345679,0.3970679012345679,0.734375,0.5183388157894737,0.5640625,0.3074396741793239,lora,8.0,16.0,,,
False,./data/extract_challenge/filtered.npy,EleutherAI/gpt-neo-1.3B,/nlp/data/riverd/unlearn,soft_unlikelihood,0.1,relu2,0.0,0.25,50.0,0.0001,15000.0,1.0,2.0,5e-06,3.0,False,False,10.0,entity,False,True,1000.0,False,0.0,18.720286597209427,0.09576972736737219,0.038126828436408175,0.02250247057924739,0.8955054872446152,0.9435445915301088,0.7156660684191469,0.6090251008420248,0.41067629074268835,10.8354608989932,0.06907132700934905,0.025906028337067906,0.01522519566911274,0.923846961996201,0.95931911942354,0.7879732250411555,0.5806870783467691,0.5144330308845905,0.2111672441157432,0.16873783911788526,0.11915089213908661,0.5659913113860259,0.8746166666666667,0.7007389162561577,0.45401234567901233,0.45401234567901233,0.671875,0.5508634868421052,0.53359375,0.3663032827045566,lora,8.0,16.0,,,
False,./data/extract_challenge/filtered.npy,EleutherAI/gpt-neo-1.3B,/nlp/data/riverd/unlearn,soft_unlikelihood,0.1,relu2,0.0,0.25,50.0,0.0001,15000.0,4.0,30.0,1e-08,10.0,False,False,10.0,entity,False,True,1000.0,False,0.0,29.20681593864708,0.08456580298926779,0.03036344024779639,0.015854564698267008,0.9046327377568516,0.9496854414901393,0.6681934846651637,0.6018138392507058,0.4134200944692607,15.28764437897844,0.06116751120731137,0.02132289768383756,0.011675396349968873,0.9308845125245521,0.9624493854129327,0.7357638549893623,0.5778491867490974,0.5076251621650294,0.0696414742395967,0.03844387489568962,0.015939282427365326,0.4189653703227484,0.7774166666666666,0.6980449507389163,0.44814814814814813,0.44814814814814813,0.671875,0.5547697368421052,0.539453125,0.36122764576188143,ft,8.0,16.0,,,
False,./data/extract_challenge/filtered.npy,EleutherAI/gpt-neo-1.3B,/nlp/data/riverd/unlearn,soft_unlikelihood,0.1,relu2,0.0,0.25,50.0,0.0001,15000.0,1.0,3.0,5e-06,3.0,False,False,10.0,entity,False,True,1000.0,False,0.0,19.50796227612596,0.10475789457961097,0.04349142830716086,0.025065567947617325,0.8849072015607132,0.9374208162161174,0.6582358761717122,0.6087830661979493,0.4113759628848793,11.646799680689101,0.07281419282099537,0.0285953976760519,0.017395063550445445,0.9199179061948858,0.9562313779335213,0.7705215620035406,0.5848854946425237,0.5117079131219414,0.10534836314090945,0.06608461029522733,0.03151855448480948,0.4854497064558401,0.7637166666666667,0.6975061576354681,0.44591049382716047,0.44591049382716047,0.671875,0.5477384868421052,0.53671875,0.3623223909848114,lora,8.0,16.0,,,
False,./data/extract_challenge/filtered.npy,EleutherAI/gpt-neo-1.3B,/nlp/data/riverd/unlearn,soft_unlikelihood,0.1,relu2,0.0,0.25,50.0,0.0001,15000.0,1.0,30.0,5e-06,10.0,False,False,10.0,entity,False,True,1000.0,False,0.0,125.59564778505062,0.04817889319306817,0.0072768971115365405,0.0015085361542692495,0.9350165735302353,0.9608997744691309,0.2833874699523129,0.4898036827556462,0.3086589877850083,84.27685909304306,0.03798396098177231,0.005395790236851749,0.0011592128124324134,0.9478305635573353,0.9671794092714738,0.2097464175868896,0.48351254406203314,0.3816837675130158,0.014644907622481551,0.0020499470959148996,8.636340676543398e-05,0.3347594361782928,0.5757166666666667,0.6540948275862069,0.4016975308641975,0.4016975308641975,0.7109375,0.5167763157894737,0.558984375,0.30475257226849584,lora,8.0,16.0,,,
False,./data/extract_challenge/filtered.npy,EleutherAI/gpt-neo-1.3B,/nlp/data/riverd/unlearn,soft_unlikelihood,0.1,relu2,0.0,0.25,50.0,0.0001,15000.0,1.0,10.0,5e-06,3.0,False,False,10.0,entity,False,True,1000.0,False,0.0,51.791485610741155,0.0998533747816931,0.02990897988310141,0.012210900541615775,0.8883207770064193,0.9477954131030502,0.3120456527744339,0.5306285441744433,0.3371611125323188,24.858553038403613,0.0737383960706822,0.020862134304978682,0.009275008035634587,0.91677407027533,0.9606211180516193,0.44258326172854334,0.5314827117312002,0.4348752562585565,0.09641127488668982,0.06303015912977843,0.03359217967314088,0.45047661161744035,0.7343,0.6739532019704434,0.4261574074074074,0.4261574074074074,0.734375,0.5383634868421052,0.5640625,0.3261728319451249,lora,8.0,16.0,,,
False,./data/extract_challenge/filtered.npy,EleutherAI/gpt-neo-1.3B,/nlp/data/riverd/unlearn,soft_unlikelihood,0.1,relu2,0.0,0.25,50.0,0.0001,15000.0,1.0,20.0,5e-06,3.0,False,False,10.0,entity,False,True,1000.0,False,0.0,55.83501312465639,0.08288024399975791,0.019712256870704783,0.0064592858802421825,0.9048475971716611,0.9572108364227442,0.3102147461852069,0.5166942256606807,0.3265268704813053,29.824343326798306,0.058804776669238876,0.012387967036173569,0.003912731654589051,0.9320228366863317,0.9688546105553495,0.39032268360526995,0.5068661207221894,0.4072526657178838,0.10321112291261583,0.06950581122809886,0.03897302884908941,0.46611221869674047,0.7397333333333334,0.6554802955665026,0.4145833333333333,0.4145833333333333,0.71875,0.5232730263157894,0.569921875,0.31351053405193535,lora,8.0,16.0,,,
False,./data/extract_challenge/filtered.npy,EleutherAI/gpt-neo-1.3B,/nlp/data/riverd/unlearn,soft_unlikelihood,0.1,relu2,0.0,0.25,50.0,0.0001,15000.0,1.0,30.0,5e-06,3.0,False,False,10.0,entity,False,True,1000.0,False,0.0,45.64756454895612,0.07971071420469006,0.017532528706846517,0.0050450527869236985,0.9100678180364051,0.9610711376413502,0.44661266264661753,0.5217264479346377,0.32089586183779323,34.57665858734284,0.05662534138979944,0.01129291010797566,0.003238571930313219,0.9338255843475218,0.969694324379205,0.33436725746036333,0.5089522281965887,0.4074432429424125,0.10426377614365129,0.07049987181029209,0.039724329201997026,0.4669354813490645,0.74195,0.6514008620689655,0.4075617283950617,0.4075617283950617,0.71875,0.5209292763157894,0.569921875,0.31042534296913277,lora,8.0,16.0,,,
False,./data/extract_challenge/filtered.npy,EleutherAI/gpt-neo-1.3B,/nlp/data/riverd/unlearn,soft_unlikelihood,0.1,relu2,0.0,0.25,50.0,0.0001,15000.0,1.0,1.0,5e-06,10.0,False,False,10.0,entity,False,True,1000.0,False,0.0,17.823904351398625,0.09041531895426158,0.034522022489979355,0.02007242982532068,0.9008698977181536,0.9472148919655651,0.6538648699219262,0.5949282388914484,0.40980275006032313,10.53085295457524,0.0653836949544121,0.023855293154343857,0.014182539873970683,0.9274571388597825,0.9612357501339173,0.7918952620678035,0.5779817740755727,0.5126931422737434,0.3251745910524724,0.2876999465213829,0.23699546444032604,0.6485892798380073,0.94865,0.703432881773399,0.46095679012345675,0.46095679012345675,0.65625,0.5469572368421052,0.531640625,0.3685922954434101,lora,8.0,16.0,,,
False,./data/extract_challenge/filtered.npy,EleutherAI/gpt-neo-1.3B,/nlp/data/riverd/unlearn,soft_unlikelihood,0.1,relu2,0.0,0.25,50.0,0.0001,15000.0,1.0,2.0,5e-06,10.0,False,False,10.0,entity,False,True,1000.0,False,0.0,19.685274217820883,0.09335505366324226,0.035692332976664146,0.019956684925401494,0.8976358481032487,0.9453974351606182,0.6732178509663344,0.605403809206399,0.41106397334902245,11.0910786591412,0.0648683310246952,0.02338652653669246,0.013523146718671938,0.9279634377047891,0.9616876591892086,0.7795963690071744,0.5763112102371762,0.5142753537634361,0.22334353617551722,0.1791645579292354,0.12661829921099846,0.5695317888651314,0.9156,0.7028940886699508,0.45162037037037034,0.45162037037037034,0.65625,0.5477384868421052,0.531640625,0.36640280499755024,lora,8.0,16.0,,,
False,./data/extract_challenge/filtered.npy,EleutherAI/gpt-neo-1.3B,/nlp/data/riverd/unlearn,soft_unlikelihood,0.1,relu2,0.0,0.25,50.0,0.0001,15000.0,1.0,3.0,5e-06,10.0,False,False,10.0,entity,False,True,1000.0,False,0.0,20.226938521168428,0.09923136060130623,0.037820399127585225,0.02016912081017331,0.8908184315322284,0.9425963956261079,0.6553056397671085,0.6001280972470004,0.4118062431954427,11.772265568379343,0.06921022099655445,0.02583952608394346,0.015539999806050869,0.9234539681994158,0.9588595536996626,0.7723877159833065,0.5771213242732196,0.5093834863574915,0.09969875052941635,0.06285591901767874,0.03132683169390967,0.45915588080407277,0.80275,0.7018165024630543,0.44930555555555557,0.44930555555555557,0.6640625,0.5537417763157895,0.5328125,0.3621233463988241,lora,8.0,16.0,,,
False,./data/extract_challenge/filtered.npy,EleutherAI/gpt-neo-1.3B,/nlp/data/riverd/unlearn,soft_unlikelihood,0.1,relu2,0.0,0.25,50.0,0.0001,15000.0,1.0,10.0,5e-06,10.0,False,False,10.0,entity,False,True,1000.0,False,0.0,123.91489824446701,0.062217892773832544,0.013903569191002153,0.00495704754907595,0.9208414324325442,0.9525197048146095,0.12272790156846117,0.4674807444420483,0.2952976038099887,50.87483821178753,0.0524301223213738,0.010644533488599325,0.00390767975004839,0.9347112350187631,0.9654084791930232,0.19141118618734052,0.48609127941359564,0.3860281441994735,0.022173358782281948,0.004973059870506087,0.000968865862121348,0.34060064586838706,0.6190166666666667,0.6673337438423645,0.4097993827160494,0.4097993827160494,0.7109375,0.5292351973684211,0.569921875,0.3108463988241058,lora,8.0,16.0,,,
False,./data/extract_challenge/filtered.npy,EleutherAI/gpt-neo-1.3B,/nlp/data/riverd/unlearn,soft_unlikelihood,0.1,relu2,0.0,0.25,50.0,0.0001,15000.0,1.0,15.0,1e-06,3.0,False,False,10.0,entity,False,True,1000.0,False,0.0,23.958886184599667,0.08244263869983905,0.028948200678074323,0.015322465314394252,0.9071560189925815,0.9494360747343557,0.587544514168197,0.5955442574571636,0.4135548455250383,12.677058583678479,0.058101694583122275,0.019142527333704213,0.010605718433203072,0.9343905810464834,0.9652784760263283,0.7462992748075408,0.5740807521865663,0.5095677948086077,0.26626278230190364,0.22630891108699613,0.17375432423224532,0.5940439470531962,0.9423,0.7007389162561577,0.4575617283950617,0.4575617283950617,0.734375,0.5409539473684211,0.52890625,0.36709946104850566,lora,8.0,16.0,,0.0,0.0
False,./data/extract_challenge/filtered.npy,EleutherAI/gpt-neo-1.3B,/nlp/data/riverd/unlearn,soft_unlikelihood,0.1,relu2,0.0,0.25,50.0,0.0001,15000.0,1.0,15.0,1e-05,3.0,False,False,10.0,entity,False,True,1000.0,False,0.0,28.903389292407393,0.06652991133635781,0.018192624588017153,0.007965121935017293,0.92242334242504,0.9602183175726017,0.6131682295022558,0.5889697679163073,0.40321583048425325,14.539975221286273,0.04988791540996426,0.013104328252197687,0.005954753975381134,0.94228330352928,0.9709662243330783,0.7711508263431531,0.5682482472453935,0.500982703916094,0.23338357404988186,0.1947814920813096,0.14533688546304807,0.5667804049681756,0.9389,0.6996613300492611,0.4645061728395061,0.4645061728395061,0.7265625,0.5461759868421052,0.527734375,0.3657061489465948,lora,8.0,16.0,,0.0,0.0
False,./data/extract_challenge/filtered.npy,EleutherAI/gpt-neo-1.3B,/nlp/data/riverd/unlearn,soft_unlikelihood,0.1,relu2,0.0,0.25,50.0,0.0001,15000.0,1.0,15.0,1e-07,3.0,False,False,10.0,entity,False,True,1000.0,False,0.0,17.223952812265885,0.09551558852267097,0.038803054254457646,0.02282078548707575,0.8947513568513821,0.942121047760378,0.6572242240805453,0.6014154642409034,0.4087332269945737,10.595664828223365,0.06653099790497588,0.025163427768011497,0.015322558065309846,0.9261817144477266,0.9599211310209587,0.7845053319304283,0.5794464962415962,0.5159052711829406,0.3394509585882878,0.3034868172392103,0.25459577929800037,0.6581490063820112,0.9521333333333334,0.7028940886699508,0.4621141975308642,0.4621141975308642,0.65625,0.5440789473684211,0.531640625,0.36948799608035277,lora,8.0,16.0,,0.0,0.0
False,./data/extract_challenge/filtered.npy,EleutherAI/gpt-neo-1.3B,/nlp/data/riverd/unlearn,soft_unlikelihood,0.1,relu2,0.0,0.25,50.0,0.0001,15000.0,1.0,20.0,1e-06,3.0,False,False,10.0,entity,False,True,1000.0,False,0.0,24.201722014748835,0.07708220652249363,0.025795922201057545,0.013379136596855206,0.9121620028746541,0.95312615008191,0.642543897444886,0.5884890299070734,0.40101329620502224,12.783546658876032,0.05563494645996071,0.017288387963990026,0.00903240937257899,0.9368377555813363,0.9673499018287057,0.7647565270333405,0.5723608860456612,0.5091220229579807,0.2609688547788476,0.22128111944609252,0.16938784159182402,0.589417695087761,0.9418666666666666,0.7023552955665026,0.4587191358024691,0.4587191358024691,0.734375,0.5425164473684211,0.526953125,0.36610423811856935,lora,8.0,16.0,,0.0,0.0
False,./data/extract_challenge/filtered.npy,EleutherAI/gpt-neo-1.3B,/nlp/data/riverd/unlearn,soft_unlikelihood,0.1,relu2,0.0,0.25,50.0,0.0001,15000.0,1.0,20.0,1e-05,3.0,False,False,10.0,entity,False,True,1000.0,False,0.0,27.00650616695608,0.06950350244741095,0.02113128032042103,0.010346588414399761,0.9212187608283888,0.9595995985649145,0.6812297548091613,0.5863127475101945,0.4002855605091736,14.788611376562299,0.04893912643997503,0.013146859154648888,0.006211648300959807,0.9433176884174411,0.9713504619957178,0.7813787482525055,0.5653927259711156,0.5006598545877501,0.23204629769916538,0.19351246627368748,0.14420859002350955,0.5665315874717043,0.9376333333333333,0.7007389162561577,0.4610339506172839,0.4610339506172839,0.734375,0.5453947368421053,0.5296875,0.36560662665360116,lora,8.0,16.0,,0.0,0.0
False,./data/extract_challenge/filtered.npy,EleutherAI/gpt-neo-1.3B,/nlp/data/riverd/unlearn,soft_unlikelihood,0.1,relu2,0.0,0.25,50.0,0.0001,15000.0,1.0,20.0,1e-07,3.0,False,False,10.0,entity,False,True,1000.0,False,0.0,19.63590334559662,0.09273941713750437,0.03770072935624902,0.022815538158981966,0.8972279968993946,0.9425941895061611,0.653339354200621,0.5977171319940009,0.41270057263420695,10.82993968810342,0.06558974229255765,0.02455046877580487,0.014563696462531205,0.9272865988428403,0.9608645537855045,0.7790528274503186,0.5799543525118277,0.514659948009057,0.3381700399753038,0.3020583807279516,0.2528172552699246,0.6575387457575649,0.9518,0.703432881773399,0.4621141975308642,0.4621141975308642,0.65625,0.5453947368421053,0.531640625,0.3693884737873592,lora,8.0,16.0,,0.0,0.0
False,./data/extract_challenge/filtered.npy,EleutherAI/gpt-neo-1.3B,/nlp/data/riverd/unlearn,soft_unlikelihood,0.1,relu2,0.0,0.25,50.0,0.0001,15000.0,1.0,15.0,1e-06,10.0,False,False,10.0,entity,False,True,1000.0,False,0.0,35.65537377220856,0.07549537890912356,0.024751030291502156,0.013117575958921018,0.9120073178669422,0.950665996741582,0.49092670751740247,0.5651843598675698,0.3836192236757525,15.162302535891474,0.05408156797534559,0.016615780847509785,0.008978359090613253,0.9378025382400583,0.9671063270775151,0.7159558754159501,0.5625789687927976,0.4963261194209906,0.055385550974530025,0.02574084083582488,0.007737185981520221,0.3807440583302329,0.8434833333333334,0.7023552955665026,0.45293209876543206,0.45293209876543206,0.65625,0.5438322368421052,0.525,0.3618247795198432,lora,8.0,16.0,,0.0,0.0
False,./data/extract_challenge/filtered.npy,EleutherAI/gpt-neo-1.3B,/nlp/data/riverd/unlearn,soft_unlikelihood,0.1,relu2,0.0,0.25,50.0,0.0001,15000.0,1.0,15.0,1e-05,10.0,False,False,10.0,entity,False,True,1000.0,False,0.0,52.3331045705968,0.04429061650025517,0.008731678609837524,0.003048218802192814,0.9430546448075577,0.9666213239668212,0.5398347279016915,0.567398856245589,0.38462209362078603,30.15477774613788,0.031115703492417907,0.005496379055008249,0.0015902748980226047,0.9578512624784796,0.9725398457600529,0.6138058566807565,0.5514866802321963,0.4759280445210476,0.036730254117006714,0.01294962333765398,0.0021493249492328653,0.3522992436961426,0.8419666666666666,0.6996613300492611,0.4621141975308642,0.4621141975308642,0.71875,0.5428042763157894,0.535546875,0.36279703576678096,lora,8.0,16.0,,0.0,0.0
False,./data/extract_challenge/filtered.npy,EleutherAI/gpt-neo-1.3B,/nlp/data/riverd/unlearn,soft_unlikelihood,0.1,relu2,0.0,0.25,50.0,0.0001,15000.0,1.0,15.0,1e-07,10.0,False,False,10.0,entity,False,True,1000.0,False,0.0,17.4610536554336,0.09300444488614142,0.038008650470859565,0.022274586180397862,0.897151224921466,0.942708419201872,0.6418988498953717,0.5997840565450517,0.40905583222657255,10.579476011753371,0.06678364589706852,0.025521082914376197,0.015612897884594901,0.925957402369451,0.9596220977102601,0.7844597216415713,0.5803026906047685,0.5164992898260614,0.33763232831315326,0.3014591703641523,0.2523091998653268,0.6571112475108899,0.9521666666666667,0.7028940886699508,0.4621141975308642,0.4621141975308642,0.65625,0.5448601973684211,0.531640625,0.3693884737873592,lora,8.0,16.0,,0.0,0.0
False,./data/extract_challenge/filtered.npy,EleutherAI/gpt-neo-1.3B,/nlp/data/riverd/unlearn,soft_unlikelihood,0.1,relu2,0.0,0.25,50.0,0.0001,15000.0,1.0,20.0,1e-06,10.0,False,False,10.0,entity,False,True,1000.0,False,0.0,40.48504784109839,0.06278571104567829,0.015713284556039295,0.00687951579775319,0.9257955581050745,0.9607166803627362,0.5665931273973329,0.5706587615545601,0.3877466819909316,16.68911313251617,0.04825009786069758,0.01258584038020712,0.006018816408437164,0.9435545056685863,0.9710021774865825,0.7294588795053962,0.5563297955638384,0.48651267528725023,0.054681054165916405,0.02476670665951219,0.006863118335511761,0.3727369042151064,0.86055,0.6996613300492611,0.45416666666666666,0.45416666666666666,0.6640625,0.5407072368421052,0.5171875,0.36222286869181775,lora,8.0,16.0,,0.0,0.0
False,./data/extract_challenge/filtered.npy,EleutherAI/gpt-neo-1.3B,/nlp/data/riverd/unlearn,soft_unlikelihood,0.1,relu2,0.0,0.25,50.0,0.0001,15000.0,1.0,20.0,1e-05,10.0,False,False,10.0,entity,False,True,1000.0,False,0.0,52.310163803423784,0.04172428982962729,0.0074490242511066,0.0020694504599820403,0.9460058571642227,0.9674690197108586,0.5984152982329316,0.5666544494246001,0.3746199527862885,33.04775043604596,0.029800713786484887,0.005049415614738594,0.001492145991745083,0.959460310965143,0.9735823527462175,0.5957562752494179,0.5460975920536604,0.47268233935773535,0.03506206471609449,0.011963565280017012,0.0019461969337535511,0.35165027815180366,0.8303166666666667,0.6980449507389163,0.45748456790123454,0.45748456790123454,0.7265625,0.5451480263157895,0.53359375,0.3616027682508574,lora,8.0,16.0,,0.0,0.0
False,./data/extract_challenge/filtered.npy,EleutherAI/gpt-neo-1.3B,/nlp/data/riverd/unlearn,soft_unlikelihood,0.1,relu2,0.0,0.25,50.0,0.0001,15000.0,1.0,20.0,1e-07,10.0,False,False,10.0,entity,False,True,1000.0,False,0.0,18.929634086311925,0.09244034068978924,0.03712427780999064,0.021928344252654823,0.8975305315500794,0.9431921519582366,0.6283055818497992,0.597485435801737,0.4120943523765807,10.814024021069528,0.06545293932936115,0.02471607370368637,0.014870806174944434,0.9274290023782135,0.960714866705812,0.7742819970666901,0.5798091812437749,0.5143735714229399,0.3355877649395531,0.29920124697938993,0.2496031221048965,0.655442940206003,0.9516,0.703432881773399,0.4621141975308642,0.4621141975308642,0.65625,0.5461759868421052,0.531640625,0.36948799608035277,lora,8.0,16.0,,0.0,0.0
False,./data/extract_challenge/filtered.npy,EleutherAI/gpt-neo-1.3B,/nlp/data/riverd/unlearn,raw_gpt,0.1,relu2,0.0,0.25,50.0,0.0001,15000.0,1.0,2.0,0.0006,5.0,False,False,10.0,entity,False,True,1000.0,False,0.0,18.187769491880147,0.09156935235964163,0.03686524089008941,0.02200729356469279,0.8980445806528707,0.9439977223360223,0.6401888714696484,0.595647450522467,0.4049575180095741,10.347438297347715,0.06665243874037227,0.025614998878666816,0.015839126849103848,0.9262558900069108,0.9598685728064371,0.7756158660379806,0.578542397791646,0.5135630077884887,0.34289342697268765,0.3073798836163045,0.25880587530529686,0.6613695899161433,0.9531833333333334,0.7028940886699508,0.46095679012345675,0.46095679012345675,0.65625,0.545641447368421,0.53359375,0.37000857422831945,ft,8.0,16.0,,0.0,0.0
,,,,,,,,,,,,,,,,,,,,,,,,,,,,,,,,,,,,,,,,,,,,,,,,,,,,,,,,,,,,
